image_id,healthy,multiple_diseases,rust,scab
Test_0,0.17487915,0.17488393,0.47535777,0.17487915
Test_1,0.17487772,0.17487772,0.47536686,0.17487772
Test_2,0.20082958,0.30012426,0.1899512,0.3090949
Test_3,0.4735643,0.17516683,0.1760108,0.17525809
Test_4,0.17487772,0.17487772,0.47536686,0.17487772
Test_5,0.46140984,0.1771281,0.1844552,0.17700693
Test_6,0.2704107,0.18804967,0.3529519,0.18858771
Test_7,0.18615146,0.39256582,0.23026533,0.19101736
Test_8,0.18881476,0.29352129,0.32865688,0.18900709
Test_9,0.17488228,0.17489311,0.4753431,0.17488147
Test_10,0.17490226,0.4753223,0.17489022,0.17488512
Test_11,0.17491926,0.47530615,0.17488733,0.17488733
Test_12,0.19306368,0.3652962,0.2527351,0.18890505
Test_13,0.3262268,0.18863675,0.18863647,0.29649988
Test_14,0.17487776,0.17487785,0.4753667,0.17487776
Test_15,0.17488408,0.17487918,0.47535753,0.17487918
Test_16,0.17487772,0.17487772,0.17487772,0.47536686
Test_17,0.17548512,0.1770921,0.47200188,0.17542091
Test_18,0.22770928,0.20620672,0.18885581,0.37722817
Test_19,0.17520852,0.17631997,0.47326308,0.17520848
Test_20,0.47485834,0.17496844,0.1749673,0.17520587
Test_21,0.18443072,0.40517402,0.20972443,0.20067076
Test_22,0.18859473,0.32841817,0.2943923,0.18859473
Test_23,0.17514417,0.17555086,0.17505924,0.47424582
Test_24,0.18408436,0.2282216,0.40360847,0.18408553
Test_25,0.47282943,0.17527862,0.17579548,0.17609642
Test_26,0.1791566,0.44610924,0.1955775,0.1791566
Test_27,0.1750743,0.4741191,0.17573239,0.1750743
Test_28,0.45721018,0.18266822,0.1781935,0.18192811
Test_29,0.1839726,0.40480417,0.22725621,0.18396701
Test_30,0.475051,0.1749353,0.17492914,0.17508459
Test_31,0.18491073,0.23547885,0.39469966,0.18491073
Test_32,0.17511852,0.47478533,0.17502244,0.17507365
Test_33,0.17498353,0.17502515,0.17492539,0.475066
Test_34,0.18669027,0.25443593,0.37220827,0.18666558
Test_35,0.21448706,0.2745387,0.19264847,0.31832576
Test_36,0.1748907,0.17493388,0.4752848,0.1748907
Test_37,0.47199592,0.17556952,0.17540734,0.17702723
Test_38,0.20682217,0.20009339,0.18431018,0.40877426
Test_39,0.17493042,0.17510611,0.47503307,0.17493042
Test_40,0.174924,0.17507824,0.47507378,0.174924
Test_41,0.17488137,0.17489347,0.47534385,0.17488137
Test_42,0.1989427,0.30623665,0.1902885,0.30453217
Test_43,0.17672761,0.18325126,0.46329355,0.17672761
Test_44,0.46465364,0.1819509,0.17654505,0.17685041
Test_45,0.17487772,0.47536686,0.17487772,0.17487772
Test_46,0.17487778,0.47536653,0.17487788,0.17487778
Test_47,0.17846107,0.19186822,0.4512097,0.17846107
Test_48,0.17504765,0.17561616,0.4742885,0.17504765
Test_49,0.17487772,0.1748778,0.4753667,0.17487772
Test_50,0.17657645,0.46431577,0.17669113,0.1824167
Test_51,0.17501275,0.47451058,0.17544636,0.17503026
Test_52,0.17488222,0.47533837,0.17489721,0.17488222
Test_53,0.17487772,0.17487772,0.47536686,0.17487772
Test_54,0.18620433,0.18086734,0.17900705,0.45392123
Test_55,0.22294065,0.25109673,0.23652375,0.28943893
Test_56,0.3238219,0.2407509,0.19348632,0.24194095
Test_57,0.37823147,0.24024388,0.19474186,0.18678285
Test_58,0.38740918,0.22394535,0.18624982,0.20239562
Test_59,0.17488195,0.47533992,0.17489286,0.17488518
Test_60,0.17577398,0.47262678,0.17530848,0.1762908
Test_61,0.18722686,0.45767057,0.17755336,0.17754921
Test_62,0.17672844,0.463348,0.18316258,0.17676091
Test_63,0.17500827,0.47454467,0.17500739,0.17543975
Test_64,0.17518778,0.1761945,0.17518131,0.47343642
Test_65,0.17628348,0.46626288,0.18117023,0.17628348
Test_66,0.17488356,0.47532985,0.17488365,0.17490296
Test_67,0.17495263,0.17520247,0.47489232,0.17495263
Test_68,0.18274508,0.2169092,0.41771442,0.18263124
Test_69,0.18839909,0.33633605,0.28686574,0.18839909
Test_70,0.1748779,0.17487825,0.17487785,0.475366
Test_71,0.4753159,0.1749086,0.17488575,0.1748897
Test_72,0.18371536,0.19913852,0.41375104,0.20339502
Test_73,0.37941948,0.22050446,0.18743367,0.21264236
Test_74,0.2523373,0.19042037,0.33647472,0.22076759
Test_75,0.18062277,0.43855244,0.2006499,0.18017493
Test_76,0.2673261,0.21889158,0.2260861,0.28769633
Test_77,0.17509836,0.17583759,0.47396564,0.17509836
Test_78,0.1818713,0.44645792,0.18243957,0.18923116
Test_79,0.17487973,0.47535965,0.17488174,0.17487885
Test_80,0.17487949,0.17488544,0.47535557,0.17487949
Test_81,0.17580658,0.46972576,0.17871086,0.17575674
Test_82,0.17573634,0.17553456,0.47328556,0.17544357
Test_83,0.1771077,0.46071377,0.18507086,0.17710769
Test_84,0.19498949,0.29159653,0.26512226,0.24829173
Test_85,0.18404347,0.22208883,0.18342884,0.41043893
Test_86,0.18767221,0.35495448,0.2697057,0.18766765
Test_87,0.17488424,0.17489932,0.4753327,0.17488368
Test_88,0.24502559,0.18625331,0.18592195,0.38279912
Test_89,0.43335813,0.18094833,0.20484859,0.1808449
Test_90,0.17487781,0.17487814,0.47536626,0.17487781
Test_91,0.226367,0.3134283,0.19407697,0.26612765
Test_92,0.17489408,0.17494853,0.17489406,0.4752633
Test_93,0.17487782,0.1748783,0.47536594,0.17487782
Test_94,0.17926973,0.19602613,0.17924449,0.44545957
Test_95,0.47474837,0.17497684,0.17497541,0.17529944
Test_96,0.46942276,0.17881136,0.17595863,0.17580727
Test_97,0.17896008,0.44770885,0.17894174,0.1943893
Test_98,0.17608276,0.46835452,0.17944655,0.17611611
Test_99,0.47358438,0.17595075,0.17529292,0.175172
Test_100,0.19927771,0.21200015,0.18479785,0.40392423
Test_101,0.46234798,0.18389541,0.17686796,0.17688866
Test_102,0.20258604,0.18269137,0.4246447,0.19007796
Test_103,0.47535872,0.17487912,0.17488314,0.17487898
Test_104,0.35691345,0.2300289,0.19017832,0.22287932
Test_105,0.47233978,0.17582269,0.17535344,0.1764841
Test_106,0.4194721,0.1829799,0.2126391,0.18490891
Test_107,0.17518198,0.17620194,0.4734345,0.17518161
Test_108,0.3738536,0.22087386,0.1886561,0.21661639
Test_109,0.46006617,0.17720227,0.18552935,0.17720227
Test_110,0.4753569,0.17487934,0.1748793,0.17488445
Test_111,0.47527727,0.17491932,0.17490205,0.17490138
Test_112,0.17487772,0.17487772,0.47536686,0.17487772
Test_113,0.17549764,0.17590034,0.17518461,0.4734174
Test_114,0.47534606,0.17489192,0.17488098,0.17488098
Test_115,0.26884514,0.3424319,0.18909124,0.19963174
Test_116,0.17487772,0.17487772,0.47536686,0.17487772
Test_117,0.17681381,0.18366072,0.46271172,0.17681381
Test_118,0.17487772,0.1748778,0.4753667,0.17487772
Test_119,0.19575126,0.17918848,0.44587186,0.17918848
Test_120,0.17487772,0.47536686,0.17487772,0.17487772
Test_121,0.17727438,0.45957437,0.18583514,0.17731614
Test_122,0.17487827,0.17488012,0.4753633,0.17487827
Test_123,0.1748782,0.1748798,0.47536373,0.1748782
Test_124,0.47224507,0.17577812,0.1753714,0.17660552
Test_125,0.43520367,0.20291725,0.1805946,0.18128447
Test_126,0.47536686,0.17487772,0.17487772,0.17487772
Test_127,0.18044259,0.43710008,0.18245055,0.20000681
Test_128,0.18733376,0.45752674,0.17756978,0.17756978
Test_129,0.17487776,0.1748779,0.4753666,0.17487776
Test_130,0.18323292,0.17788038,0.45577702,0.18310966
Test_131,0.24521872,0.24163854,0.20253143,0.31061128
Test_132,0.4753668,0.1748777,0.1748777,0.17487772
Test_133,0.34965464,0.210788,0.19335511,0.24620222
Test_134,0.47421312,0.17505975,0.17505953,0.17566769
Test_135,0.17487772,0.17487772,0.47536686,0.17487772
Test_136,0.27159563,0.22222443,0.19123524,0.31494468
Test_137,0.17487772,0.17487772,0.47536686,0.17487772
Test_138,0.17487772,0.47536686,0.17487772,0.17487772
Test_139,0.47524723,0.17489661,0.17495956,0.17489661
Test_140,0.17489013,0.1749184,0.47528988,0.17490153
Test_141,0.18326192,0.4527659,0.17854567,0.18542644
Test_142,0.42994663,0.18482351,0.2018261,0.1834037
Test_143,0.20622925,0.399595,0.18528272,0.2088931
Test_144,0.44349566,0.19644584,0.1797305,0.18032794
Test_145,0.17662074,0.46408895,0.18268088,0.17660944
Test_146,0.17512076,0.17593555,0.4738229,0.17512076
Test_147,0.47468165,0.17532068,0.17498586,0.17501193
Test_148,0.17781138,0.46424899,0.17688382,0.18105572
Test_149,0.17487817,0.17487963,0.47536412,0.17487817
Test_150,0.46377897,0.18222122,0.17666072,0.17733906
Test_151,0.17487772,0.17487772,0.47536686,0.17487772
Test_152,0.17488985,0.17493026,0.47529,0.17488985
Test_153,0.19616067,0.3411867,0.1942115,0.26844108
Test_154,0.17487772,0.17487772,0.47536686,0.17487772
Test_155,0.17487788,0.47536564,0.17487797,0.17487843
Test_156,0.17586935,0.46991402,0.17848843,0.17572817
Test_157,0.2659091,0.3453172,0.19979466,0.18897901
Test_158,0.44900814,0.1788307,0.17876522,0.19339591
Test_159,0.17494829,0.17518364,0.47491986,0.17494829
Test_160,0.4753327,0.17488319,0.17489995,0.17488411
Test_161,0.4748316,0.17524397,0.1749622,0.17496218
Test_162,0.1755347,0.17776534,0.4711653,0.1755347
Test_163,0.17586493,0.46901873,0.17925146,0.17586493
Test_164,0.17774963,0.46105084,0.17706595,0.1841336
Test_165,0.19938019,0.42743272,0.18245098,0.19073614
Test_166,0.17487782,0.17487794,0.47536638,0.17487776
Test_167,0.1748777,0.17487775,0.4753668,0.1748777
Test_168,0.18866895,0.29826924,0.32437906,0.18868269
Test_169,0.17832054,0.45222166,0.19113725,0.17832054
Test_170,0.1909359,0.4381479,0.18285573,0.18806052
Test_171,0.17487778,0.17487775,0.4753667,0.17487772
Test_172,0.17487772,0.17487772,0.47536686,0.17487772
Test_173,0.17487772,0.17487772,0.47536686,0.17487772
Test_174,0.28271198,0.1939471,0.33293563,0.19040531
Test_175,0.41536143,0.20690465,0.18505609,0.19267777
Test_176,0.1748777,0.17487773,0.4753668,0.1748777
Test_177,0.33262065,0.20120314,0.18975084,0.27642536
Test_178,0.17742474,0.18357788,0.17691836,0.462079
Test_179,0.18552937,0.38744605,0.24149524,0.18552937
Test_180,0.1749567,0.17522015,0.47486645,0.1749567
Test_181,0.17546208,0.1752284,0.17506072,0.4742487
Test_182,0.17626029,0.18106294,0.46641645,0.17626029
Test_183,0.23930134,0.33375564,0.19074805,0.236195
Test_184,0.17608315,0.46759605,0.18023905,0.17608175
Test_185,0.1769411,0.17536436,0.47234136,0.17535318
Test_186,0.17488042,0.47535604,0.17488255,0.174881
Test_187,0.17487837,0.17488065,0.4753625,0.17487837
Test_188,0.17487772,0.17487772,0.47536686,0.17487772
Test_189,0.44897085,0.19216795,0.17879707,0.18006416
Test_190,0.17488922,0.47529408,0.17492752,0.17488922
Test_191,0.18270878,0.46293646,0.17718369,0.17717105
Test_192,0.17571607,0.17842565,0.4701698,0.17568842
Test_193,0.17487772,0.17487772,0.47536686,0.17487772
Test_194,0.18113285,0.4306339,0.20710036,0.18113285
Test_195,0.44281754,0.18707497,0.1797274,0.1903801
Test_196,0.20580295,0.40569997,0.18447477,0.20402229
Test_197,0.18834579,0.45300543,0.180408,0.1782407
Test_198,0.19453168,0.1866416,0.43036437,0.18846233
Test_199,0.18891445,0.3330096,0.28506973,0.19300619
Test_200,0.17487775,0.17487775,0.4753668,0.17487773
Test_201,0.17569247,0.47190055,0.17545083,0.17695615
Test_202,0.47532523,0.17488812,0.17489184,0.17489478
Test_203,0.18262699,0.2170545,0.41769156,0.18262699
Test_204,0.18238734,0.17758985,0.1767353,0.4632875
Test_205,0.19263181,0.40023506,0.18519574,0.22193739
Test_206,0.17490005,0.17489697,0.17489,0.475313
Test_207,0.18430884,0.40156347,0.22935666,0.18477102
Test_208,0.47531494,0.17491315,0.17488602,0.17488593
Test_209,0.17570181,0.47008193,0.17851444,0.17570181
Test_210,0.17514639,0.17599578,0.47372112,0.17513679
Test_211,0.1778607,0.4676092,0.17608872,0.17844132
Test_212,0.17487782,0.17487822,0.47536618,0.17487782
Test_213,0.18600537,0.24657415,0.38141507,0.18600537
Test_214,0.17487772,0.17487772,0.47536686,0.17487772
Test_215,0.1790718,0.4493078,0.18471794,0.18690243
Test_216,0.2316312,0.39441234,0.18518578,0.18877068
Test_217,0.419424,0.18243864,0.18243566,0.21570176
Test_218,0.47536677,0.17487773,0.17487772,0.17487773
Test_219,0.18560213,0.24220686,0.3865918,0.18559925
Test_220,0.2698038,0.20514254,0.19204763,0.33300605
Test_221,0.19425566,0.37036616,0.18727338,0.24810483
Test_222,0.17488252,0.17489848,0.4753365,0.1748825
Test_223,0.17488286,0.1749,0.4753343,0.17488286
Test_224,0.2299344,0.23041281,0.31127375,0.22837903
Test_225,0.4752637,0.17494494,0.17489403,0.1748974
Test_226,0.17489228,0.4752746,0.17494082,0.17489228
Test_227,0.3740627,0.23585655,0.1874456,0.20263514
Test_228,0.18341382,0.41084343,0.22238252,0.18336025
Test_229,0.17487772,0.17487772,0.47536686,0.17487772
Test_230,0.17487773,0.4753668,0.17487773,0.17487778
Test_231,0.18176843,0.19663678,0.1797703,0.44182444
Test_232,0.47536686,0.17487772,0.17487772,0.17487772
Test_233,0.47115397,0.17777094,0.17553797,0.17553714
Test_234,0.18247761,0.4635117,0.17671716,0.1772935
Test_235,0.34265155,0.28091946,0.18820067,0.18822834
Test_236,0.17657524,0.46431783,0.17657638,0.18253054
Test_237,0.19749327,0.3238798,0.18957908,0.28904787
Test_238,0.17487772,0.17487772,0.47536686,0.17487772
Test_239,0.18441623,0.229446,0.4016094,0.1845284
Test_240,0.17524122,0.1764643,0.4730533,0.17524122
Test_241,0.17487912,0.17488378,0.47535792,0.17487912
Test_242,0.2048489,0.42623627,0.1837753,0.18513952
Test_243,0.43604612,0.2017038,0.18051666,0.18173349
Test_244,0.17530341,0.4744693,0.17501992,0.17520736
Test_245,0.18372513,0.22531106,0.4072387,0.18372512
Test_246,0.19422151,0.25527117,0.1879218,0.36258548
Test_247,0.199843,0.3578285,0.19098051,0.2513479
Test_248,0.22930828,0.20191775,0.3820418,0.1867322
Test_249,0.1748833,0.17490196,0.47533137,0.1748833
Test_250,0.4753667,0.17487775,0.17487781,0.17487775
Test_251,0.27511567,0.25516567,0.19427112,0.27544758
Test_252,0.17487797,0.47536585,0.17487833,0.17487788
Test_253,0.17602633,0.46800068,0.17605118,0.1799218
Test_254,0.19431446,0.38575685,0.1866887,0.23324005
Test_255,0.4358185,0.18107197,0.18457535,0.19853425
Test_256,0.17988898,0.19745204,0.17984219,0.44281673
Test_257,0.17538315,0.1770912,0.47214258,0.17538315
Test_258,0.183999,0.40480503,0.2272151,0.18398084
Test_259,0.17487818,0.4753638,0.17487979,0.17487818
Test_260,0.19668418,0.40878913,0.18413861,0.21038805
Test_261,0.17606905,0.18018228,0.4676796,0.17606905
Test_262,0.23547499,0.18491225,0.18491061,0.39470217
Test_263,0.18935397,0.18264239,0.17879763,0.44920602
Test_264,0.29360667,0.19016728,0.31854925,0.19767678
Test_265,0.1748777,0.17487775,0.4753668,0.1748777
Test_266,0.20562248,0.18788664,0.18242358,0.42406732
Test_267,0.47385824,0.17537512,0.17514992,0.17561685
Test_268,0.17488585,0.17491294,0.47531542,0.17488585
Test_269,0.4317,0.18485291,0.18153791,0.20190912
Test_270,0.21785487,0.41561577,0.18321621,0.18331315
Test_271,0.18761063,0.35610566,0.26867375,0.18760996
Test_272,0.18270355,0.41699243,0.21760044,0.18270361
Test_273,0.4560767,0.17977591,0.18314078,0.18100663
Test_274,0.18788409,0.2739083,0.35032362,0.18788409
Test_275,0.17616321,0.18061481,0.46705878,0.17616321
Test_276,0.2509403,0.34830213,0.2104565,0.19030108
Test_277,0.3015304,0.29175156,0.19114155,0.21557656
Test_278,0.22850677,0.286837,0.27018267,0.21447356
Test_279,0.1754236,0.17727058,0.47188228,0.17542358
Test_280,0.19144782,0.45116448,0.17849393,0.17889369
Test_281,0.38689214,0.18614902,0.1856098,0.24134906
Test_282,0.1778864,0.45530957,0.18891755,0.17788643
Test_283,0.18109387,0.20685673,0.43095544,0.18109387
Test_284,0.18730693,0.19736643,0.434523,0.18080364
Test_285,0.47533405,0.17488413,0.17489885,0.1748829
Test_286,0.19054022,0.3239271,0.21026199,0.2752706
Test_287,0.22380826,0.2375872,0.24038526,0.2982193
Test_288,0.1956589,0.3321574,0.2310474,0.24113628
Test_289,0.20318139,0.25645,0.25247183,0.28789678
Test_290,0.17489775,0.17496441,0.47524008,0.17489775
Test_291,0.17779423,0.4604923,0.18354133,0.17817213
Test_292,0.4714463,0.1754917,0.17756931,0.17549266
Test_293,0.17487772,0.17487772,0.47536686,0.17487772
Test_294,0.17560673,0.17808494,0.47070208,0.17560625
Test_295,0.17944095,0.4439836,0.19713521,0.17944025
Test_296,0.19947949,0.415294,0.19856077,0.18666573
Test_297,0.18791528,0.20158921,0.18316542,0.4273301
Test_298,0.18776238,0.2714937,0.35298148,0.18776238
Test_299,0.17513661,0.17600155,0.47372174,0.17514005
Test_300,0.2977814,0.32277745,0.18887809,0.190563
Test_301,0.3929615,0.2174592,0.18785816,0.20172115
Test_302,0.17679252,0.17826681,0.46800095,0.17693982
Test_303,0.17568891,0.47131523,0.17551206,0.17748375
Test_304,0.47536686,0.17487772,0.17487772,0.17487772
Test_305,0.17626934,0.4664288,0.17641942,0.18088241
Test_306,0.17514466,0.47368923,0.17602414,0.17514199
Test_307,0.45645392,0.1777375,0.1880849,0.17772365
Test_308,0.17488085,0.17489026,0.4753483,0.17488065
Test_309,0.17509338,0.17581582,0.4739974,0.17509338
Test_310,0.17487772,0.17487772,0.47536686,0.17487772
Test_311,0.17489912,0.17497042,0.47523135,0.17489912
Test_312,0.1895156,0.24235469,0.18628645,0.38184327
Test_313,0.4229352,0.2129299,0.18204919,0.18208571
Test_314,0.19257215,0.4432847,0.18166456,0.18247859
Test_315,0.21940072,0.25408444,0.25845674,0.2680581
Test_316,0.17487802,0.17487906,0.47536486,0.17487802
Test_317,0.1748805,0.17488982,0.47534913,0.1748805
Test_318,0.25279337,0.18677963,0.18656775,0.3738592
Test_319,0.17487772,0.17487772,0.47536686,0.17487772
Test_320,0.17542005,0.4719553,0.17711064,0.17551404
Test_321,0.33591086,0.28720072,0.18843147,0.18845694
Test_322,0.45045194,0.18291174,0.18170656,0.18492979
Test_323,0.17507756,0.4740981,0.17574672,0.17507756
Test_324,0.17487788,0.17487843,0.4753658,0.17487788
Test_325,0.17870721,0.17585969,0.46956423,0.17586893
Test_326,0.1748784,0.17488065,0.4753626,0.1748784
Test_327,0.2219994,0.2857606,0.1919582,0.30028182
Test_328,0.17487772,0.17487772,0.47536686,0.17487772
Test_329,0.17487782,0.17487821,0.47536618,0.17487782
Test_330,0.17514971,0.17606239,0.4736382,0.17514971
Test_331,0.36739063,0.2584633,0.186989,0.18715706
Test_332,0.46768668,0.17606796,0.18017735,0.17606796
Test_333,0.17518428,0.1762138,0.4734176,0.17518425
Test_334,0.1748779,0.17487855,0.47536564,0.1748779
Test_335,0.47502914,0.17499965,0.17493105,0.17504013
Test_336,0.17837423,0.19140919,0.45184305,0.17837352
Test_337,0.28647223,0.21067801,0.19067475,0.31217504
Test_338,0.47535917,0.17487895,0.17488061,0.17488134
Test_339,0.17732055,0.45925266,0.18610612,0.17732063
Test_340,0.18262388,0.20811546,0.42774376,0.18151687
Test_341,0.32074672,0.25164855,0.19142114,0.23618366
Test_342,0.22141717,0.18564656,0.18360871,0.40932754
Test_343,0.47337347,0.1758857,0.17554119,0.17519955
Test_344,0.17487772,0.17487772,0.47536686,0.17487772
Test_345,0.17757785,0.1873739,0.45747033,0.17757785
Test_346,0.17533177,0.47247258,0.17686385,0.17533177
Test_347,0.17487772,0.17487772,0.47536686,0.17487772
Test_348,0.34752998,0.19317345,0.18842876,0.2708678
Test_349,0.1765766,0.47157997,0.17632079,0.17552263
Test_350,0.46996704,0.1757754,0.17768197,0.17657565
Test_351,0.17491035,0.17501904,0.47516024,0.17491035
Test_352,0.18197627,0.21254358,0.18197414,0.42350605
Test_353,0.17487855,0.4753616,0.17488131,0.17487855
Test_354,0.17487772,0.17487772,0.47536686,0.17487772
Test_355,0.4415462,0.18792325,0.19044957,0.18008088
Test_356,0.4612558,0.17704031,0.17702849,0.18467537
Test_357,0.3955128,0.18483898,0.18483901,0.23480913
Test_358,0.18164366,0.46465158,0.17663395,0.17707078
Test_359,0.20232797,0.21822284,0.20012183,0.37932736
Test_360,0.17782371,0.45620778,0.17776008,0.1882085
Test_361,0.4226763,0.18230985,0.18254636,0.21246748
Test_362,0.18561839,0.24231476,0.18566942,0.38639748
Test_363,0.27076823,0.35371873,0.18775591,0.18775718
Test_364,0.17487772,0.17487772,0.47536686,0.17487772
Test_365,0.17499742,0.1753972,0.474608,0.17499742
Test_366,0.17487809,0.1748794,0.4753644,0.17487809
Test_367,0.42062587,0.21267657,0.18237539,0.18432218
Test_368,0.39421508,0.22175479,0.18554094,0.19848922
Test_369,0.1870273,0.36913884,0.18807979,0.25575396
Test_370,0.17910197,0.19528037,0.44651568,0.17910197
Test_371,0.17487793,0.17487864,0.47536546,0.17487793
Test_372,0.18113881,0.43416694,0.19310012,0.19159414
Test_373,0.17490858,0.17501137,0.47517154,0.17490858
Test_374,0.17492753,0.17509352,0.47505146,0.17492753
Test_375,0.1784793,0.45200494,0.19041198,0.17910373
Test_376,0.4753668,0.1748777,0.1748777,0.17487773
Test_377,0.459517,0.18210289,0.18017472,0.17820537
Test_378,0.17509852,0.47396457,0.17583834,0.17509852
Test_379,0.18120739,0.20699151,0.4306658,0.18113525
Test_380,0.4631595,0.1767489,0.17676443,0.18332708
Test_381,0.20322691,0.3703639,0.18769227,0.23871695
Test_382,0.30961904,0.28727493,0.1909427,0.21216328
Test_383,0.4752045,0.17490375,0.17498842,0.17490336
Test_384,0.17498395,0.17533861,0.47469357,0.17498395
Test_385,0.4447386,0.18044569,0.18414211,0.19067355
Test_386,0.17487958,0.17488588,0.47535485,0.17487958
Test_387,0.18820956,0.3424702,0.18825741,0.28106287
Test_388,0.18730529,0.37411,0.18658826,0.2519965
Test_389,0.19673002,0.18031989,0.17953292,0.4434172
Test_390,0.29133204,0.1965129,0.19097385,0.32118124
Test_391,0.17487863,0.17488168,0.475361,0.17487861
Test_392,0.1771661,0.46031538,0.18535262,0.17716591
Test_393,0.17806013,0.18979912,0.17806049,0.45408037
Test_394,0.43320215,0.18081993,0.18081914,0.20515881
Test_395,0.17487772,0.17487776,0.47536677,0.17487772
Test_396,0.19259134,0.37155792,0.22945037,0.20640045
Test_397,0.29256868,0.19325253,0.32337168,0.19080713
Test_398,0.18600324,0.38144287,0.24655059,0.18600324
Test_399,0.3381242,0.20300952,0.26909333,0.18977295
Test_400,0.17493634,0.17513181,0.47499546,0.17493634
Test_401,0.17487873,0.17488211,0.4753604,0.17487873
Test_402,0.24401228,0.25052106,0.20035101,0.30511558
Test_403,0.1823391,0.46455345,0.17654024,0.1765672
Test_404,0.17606887,0.17901723,0.46905187,0.17586203
Test_405,0.18890338,0.24604464,0.1863831,0.37866884
Test_406,0.1802012,0.44064137,0.18995509,0.18920226
Test_407,0.45448866,0.18102238,0.17803673,0.18645222
Test_408,0.17836672,0.18285397,0.17695671,0.46182263
Test_409,0.17728686,0.46044815,0.18511118,0.17715386
Test_410,0.21264207,0.27516073,0.19460289,0.3175943
Test_411,0.20108573,0.18249303,0.19023134,0.42618987
Test_412,0.18286173,0.41553432,0.21874231,0.18286167
Test_413,0.47446334,0.17502037,0.17549612,0.17502017
Test_414,0.17487772,0.17487772,0.47536686,0.17487772
Test_415,0.17556918,0.17791936,0.47094232,0.17556918
Test_416,0.18824661,0.42680517,0.18196276,0.20298548
Test_417,0.17490056,0.4752222,0.17497666,0.17490056
Test_418,0.47460607,0.17502402,0.17499772,0.1753722
Test_419,0.19124421,0.18105978,0.44458747,0.18310851
Test_420,0.17487772,0.17487772,0.47536686,0.17487772
Test_421,0.24290857,0.29948765,0.19309174,0.26451215
Test_422,0.42915568,0.18142295,0.1813183,0.20810315
Test_423,0.17534675,0.4723765,0.17693004,0.17534675
Test_424,0.47210297,0.17540112,0.1771062,0.17538972
Test_425,0.17499189,0.47464323,0.17537303,0.17499186
Test_426,0.17487772,0.17487772,0.47536686,0.17487772
Test_427,0.18711112,0.3651955,0.1871404,0.26055303
Test_428,0.17901005,0.45102122,0.1852828,0.1846859
Test_429,0.17487772,0.17487772,0.47536686,0.17487772
Test_430,0.3947357,0.18518473,0.18500909,0.23507047
Test_431,0.24065189,0.3884522,0.18544726,0.18544865
Test_432,0.30259806,0.21253386,0.24081741,0.24405059
Test_433,0.17943186,0.17755096,0.17620689,0.4668103
Test_434,0.42969558,0.19305122,0.18273446,0.19451874
Test_435,0.20133348,0.21937695,0.25086606,0.32842353
Test_436,0.17492534,0.47510535,0.17491904,0.17505035
Test_437,0.17572021,0.46996236,0.17859726,0.17572021
Test_438,0.1842729,0.40163568,0.22981857,0.1842729
Test_439,0.1752717,0.17659867,0.4728579,0.1752717
Test_440,0.17488146,0.17489399,0.475343,0.17488146
Test_441,0.17678909,0.17678541,0.46293142,0.18349414
Test_442,0.17487772,0.17487772,0.47536686,0.17487772
Test_443,0.47536206,0.17487848,0.17488103,0.1748785
Test_444,0.18406738,0.22651179,0.18420462,0.4052162
Test_445,0.17487772,0.17487772,0.47536686,0.17487772
Test_446,0.17489122,0.17493588,0.47528148,0.17489137
Test_447,0.17489047,0.17488238,0.4753451,0.17488204
Test_448,0.17487775,0.17487787,0.4753666,0.17487775
Test_449,0.17487857,0.4753617,0.17487863,0.17488112
Test_450,0.4477619,0.18031248,0.17896006,0.19296561
Test_451,0.17487772,0.17487772,0.47536686,0.17487772
Test_452,0.17487958,0.17488585,0.47535497,0.17487958
Test_453,0.18275756,0.17663087,0.17662604,0.4639856
Test_454,0.17487775,0.17487787,0.4753666,0.17487775
Test_455,0.28204095,0.27525985,0.19361618,0.24908301
Test_456,0.17489049,0.17493296,0.47528613,0.17489049
Test_457,0.17834283,0.4520658,0.178349,0.19124237
Test_458,0.1779325,0.18888287,0.45529228,0.17789236
Test_459,0.17494369,0.4749491,0.17516355,0.17494373
Test_460,0.47422877,0.17535955,0.1750573,0.17535432
Test_461,0.46535993,0.17642517,0.17641935,0.18179563
Test_462,0.1749069,0.17500415,0.47518197,0.1749069
Test_463,0.18863897,0.3471975,0.27603608,0.18812747
Test_464,0.47009313,0.17596798,0.17585258,0.1780863
Test_465,0.17833911,0.19123383,0.4520879,0.17833911
Test_466,0.17830588,0.45232648,0.19106172,0.1783059
Test_467,0.17944224,0.44536248,0.19581282,0.17938249
Test_468,0.1748894,0.47533476,0.17488278,0.17489305
Test_469,0.18616979,0.379221,0.24843942,0.18616979
Test_470,0.47504753,0.1749291,0.17509514,0.17492813
Test_471,0.17488392,0.17490454,0.4753277,0.17488392
Test_472,0.2076181,0.3224452,0.24761213,0.22232462
Test_473,0.17783852,0.188676,0.45564705,0.17783841
Test_474,0.17487772,0.17487776,0.47536677,0.17487772
Test_475,0.21984631,0.4096661,0.18384068,0.18664694
Test_476,0.17493959,0.47508016,0.17499247,0.17498788
Test_477,0.17828612,0.45373464,0.18872167,0.1792575
Test_478,0.18980956,0.43521142,0.19161943,0.1833595
Test_479,0.47308496,0.17615458,0.17524761,0.17551291
Test_480,0.17487858,0.17488147,0.47536138,0.17487858
Test_481,0.41477996,0.21922672,0.18304567,0.18294756
Test_482,0.17959256,0.18337305,0.17736346,0.45967102
Test_483,0.47536427,0.17487812,0.17487812,0.17487946
Test_484,0.405466,0.20487149,0.18479808,0.20486449
Test_485,0.47307408,0.17644198,0.17524604,0.17523801
Test_486,0.2267598,0.38099024,0.19010046,0.20214947
Test_487,0.17534758,0.4732751,0.17609434,0.17528303
Test_488,0.17495225,0.1752009,0.4748946,0.17495225
Test_489,0.18209642,0.21337184,0.42243534,0.18209642
Test_490,0.18649743,0.37464562,0.25235948,0.18649743
Test_491,0.18604091,0.44841525,0.17895277,0.18659107
Test_492,0.18315788,0.21402736,0.42039642,0.1824183
Test_493,0.22153527,0.19530095,0.18609434,0.39706942
Test_494,0.17487772,0.17487772,0.47536686,0.17487772
Test_495,0.17618147,0.17529687,0.17519927,0.4733223
Test_496,0.47434986,0.17530209,0.17504932,0.17529866
Test_497,0.47353607,0.17540994,0.1751699,0.17588413
Test_498,0.47324273,0.17526612,0.17522083,0.17627034
Test_499,0.17487782,0.17487815,0.47536618,0.17487782
Test_500,0.17866991,0.19280443,0.44972968,0.17879607
Test_501,0.40245718,0.2167384,0.18479685,0.19600761
Test_502,0.17894946,0.4689968,0.17586963,0.1761841
Test_503,0.17502306,0.17550634,0.47444806,0.17502259
Test_504,0.47321433,0.1762358,0.1752163,0.17533354
Test_505,0.17851652,0.45850033,0.18345709,0.17952617
Test_506,0.17488286,0.47533417,0.17490004,0.17488286
Test_507,0.1810838,0.43103862,0.20679374,0.18108383
Test_508,0.18773009,0.27087882,0.353661,0.18773009
Test_509,0.18732367,0.36147752,0.2638752,0.18732367
Test_510,0.17487976,0.17488661,0.47535384,0.17487976
Test_511,0.38853702,0.18578105,0.18548518,0.24019678
Test_512,0.47457024,0.17500336,0.17542256,0.17500381
Test_513,0.20877671,0.32222247,0.23701632,0.23198445
Test_514,0.34514946,0.19439134,0.26361406,0.19684504
Test_515,0.17487857,0.17488144,0.47536138,0.17487857
Test_516,0.17654826,0.18240516,0.4644983,0.17654826
Test_517,0.18564187,0.3923045,0.18649052,0.23556307
Test_518,0.17487776,0.17487791,0.47536653,0.17487776
Test_519,0.4752733,0.174935,0.17489922,0.1748925
Test_520,0.17487772,0.17487772,0.47536686,0.17487772
Test_521,0.34142283,0.2502637,0.19645335,0.21186009
Test_522,0.1748778,0.17487803,0.47536638,0.1748778
Test_523,0.17488708,0.17488,0.47535303,0.17487991
Test_524,0.47536686,0.17487772,0.17487772,0.17487772
Test_525,0.20340976,0.43260607,0.18100806,0.18297614
Test_526,0.187725,0.2707831,0.3537669,0.187725
Test_527,0.1754999,0.17529565,0.4741253,0.17507918
Test_528,0.17487793,0.17487864,0.47536552,0.17487793
Test_529,0.18945308,0.19151986,0.18272106,0.43630597
Test_530,0.17489022,0.17492846,0.47529173,0.17488967
Test_531,0.18716146,0.3642987,0.2613784,0.18716146
Test_532,0.174881,0.4753501,0.17488098,0.17488785
Test_533,0.45680714,0.17793755,0.1776765,0.18757884
Test_534,0.22690229,0.3455107,0.18995032,0.23763667
Test_535,0.17487772,0.17487772,0.47536686,0.17487772
Test_536,0.17873012,0.1932843,0.4492555,0.17873012
Test_537,0.17732847,0.18614504,0.45919794,0.17732847
Test_538,0.20049453,0.34285998,0.20726264,0.24938281
Test_539,0.17487773,0.47536677,0.1748778,0.17487773
Test_540,0.17487772,0.17487772,0.47536686,0.17487772
Test_541,0.47354364,0.17533632,0.17595336,0.17516662
Test_542,0.47536343,0.17487827,0.17488007,0.17487827
Test_543,0.17739734,0.45872277,0.18648247,0.17739749
Test_544,0.24191208,0.37231568,0.1984222,0.18735005
Test_545,0.17948073,0.19736212,0.44367644,0.17948073
Test_546,0.47411528,0.17507811,0.17507516,0.17573144
Test_547,0.17488961,0.17492916,0.47529173,0.17488961
Test_548,0.17487772,0.17487772,0.47536686,0.17487772
Test_549,0.28367332,0.18863782,0.33847356,0.18921532
Test_550,0.1810782,0.43432245,0.18069519,0.20390415
Test_551,0.4750522,0.17492864,0.17492741,0.17509173
Test_552,0.17487778,0.4753665,0.17487788,0.1748779
Test_553,0.18064854,0.4347012,0.20361757,0.1810327
Test_554,0.18872795,0.33150777,0.18854642,0.29121786
Test_555,0.18755278,0.35861263,0.26564458,0.18819006
Test_556,0.47462088,0.17503248,0.17505252,0.17529409
Test_557,0.18470313,0.23358226,0.3970115,0.18470313
Test_558,0.1748798,0.17488675,0.47535366,0.1748798
Test_559,0.45578003,0.1845754,0.17853035,0.18111421
Test_560,0.17487772,0.17487776,0.47536677,0.17487772
Test_561,0.18625647,0.24944884,0.3780382,0.18625647
Test_562,0.17493051,0.17510474,0.47503453,0.17493024
Test_563,0.1802171,0.20156203,0.43800372,0.1802171
Test_564,0.18151711,0.42742386,0.2095419,0.18151711
Test_565,0.17487775,0.17487787,0.4753666,0.17487775
Test_566,0.17487772,0.47536686,0.17487772,0.17487772
Test_567,0.19302456,0.23348585,0.18592677,0.3875629
Test_568,0.1815941,0.18201646,0.4590062,0.1773833
Test_569,0.47536093,0.1748804,0.17487943,0.17487918
Test_570,0.17862768,0.19254074,0.45023417,0.17859736
Test_571,0.18470185,0.39702573,0.23357064,0.18470185
Test_572,0.29523942,0.2924503,0.19144729,0.22086297
Test_573,0.17701738,0.17867689,0.46833205,0.17597377
Test_574,0.21108939,0.40655085,0.18424857,0.19811125
Test_575,0.3040029,0.19336267,0.18924145,0.31339297
Test_576,0.46186548,0.17901152,0.17695351,0.18216942
Test_577,0.33427075,0.25701198,0.21658035,0.19213694
Test_578,0.36492544,0.1871856,0.26076004,0.18712898
Test_579,0.47536686,0.17487772,0.17487772,0.17487772
Test_580,0.17487772,0.17487776,0.47536677,0.17487772
Test_581,0.47536686,0.17487772,0.17487772,0.17487772
Test_582,0.17489071,0.174934,0.4752846,0.17489071
Test_583,0.46929815,0.17605555,0.1786254,0.17602088
Test_584,0.20743726,0.2531885,0.18914558,0.35022864
Test_585,0.17487772,0.17487772,0.47536686,0.17487772
Test_586,0.1826197,0.46371725,0.17668077,0.17698231
Test_587,0.17487898,0.17488326,0.47535872,0.17487898
Test_588,0.17487782,0.1748782,0.47536618,0.17487782
Test_589,0.19346927,0.2715668,0.18914352,0.34582043
Test_590,0.47536364,0.17487982,0.17487824,0.17487828
Test_591,0.17487772,0.17487772,0.47536686,0.17487772
Test_592,0.2694477,0.25732687,0.27664953,0.19657595
Test_593,0.17487772,0.17487772,0.47536686,0.17487772
Test_594,0.17489389,0.17494772,0.47526458,0.17489389
Test_595,0.19420338,0.34548506,0.1991617,0.26114985
Test_596,0.19910347,0.2086443,0.39295954,0.19929263
Test_597,0.47340176,0.17519996,0.17518677,0.17621154
Test_598,0.17496957,0.47482258,0.17524399,0.17496385
Test_599,0.17488974,0.47534683,0.17488183,0.17488156
Test_600,0.17487785,0.17487836,0.4753659,0.17487785
Test_601,0.24603292,0.38168213,0.18612836,0.18615656
Test_602,0.44842032,0.17889097,0.17884512,0.19384362
Test_603,0.21232538,0.1985699,0.19157042,0.39753437
Test_604,0.18413146,0.2286251,0.40311182,0.18413158
Test_605,0.17615773,0.46813706,0.17600055,0.1797046
Test_606,0.17788905,0.4578052,0.18677133,0.17753446
Test_607,0.2779528,0.19578065,0.28163254,0.24463403
Test_608,0.18798903,0.37540868,0.24969287,0.18690944
Test_609,0.47283366,0.17592026,0.17527814,0.17596792
Test_610,0.25338337,0.30785996,0.24542029,0.19333641
Test_611,0.47528332,0.17493473,0.17489104,0.17489092
Test_612,0.17487772,0.17487772,0.47536686,0.17487772
Test_613,0.3412303,0.19012046,0.1884099,0.28023937
Test_614,0.17488055,0.17489001,0.47534886,0.17488055
Test_615,0.17487772,0.17487772,0.47536686,0.17487772
Test_616,0.3033302,0.18965831,0.18883693,0.31817457
Test_617,0.33239433,0.290483,0.18852173,0.18860087
Test_618,0.1750422,0.47492835,0.17494698,0.17508256
Test_619,0.17922458,0.19453567,0.44722652,0.17901324
Test_620,0.18629359,0.37753835,0.24987523,0.18629281
Test_621,0.18308371,0.18238616,0.17771353,0.45681658
Test_622,0.17487915,0.47536477,0.1748781,0.17487806
Test_623,0.23225428,0.19488019,0.18607181,0.3867937
Test_624,0.17543288,0.17731182,0.47182253,0.17543288
Test_625,0.2190606,0.39790523,0.18552738,0.19750673
Test_626,0.18130612,0.20651978,0.43108886,0.18108523
Test_627,0.3058268,0.3119259,0.18977015,0.1924771
Test_628,0.18776038,0.18199463,0.17842115,0.45182392
Test_629,0.47304136,0.17529735,0.17641428,0.17524698
Test_630,0.4753359,0.17489347,0.17488685,0.17488384
Test_631,0.17732085,0.4655712,0.17673501,0.18037292
Test_632,0.17595874,0.47362232,0.17526649,0.17515244
Test_633,0.17487772,0.17487772,0.47536686,0.17487772
Test_634,0.18144934,0.20618981,0.18106534,0.4312955
Test_635,0.47456494,0.17500429,0.17542662,0.1750042
Test_636,0.17792182,0.18136752,0.1766173,0.46409342
Test_637,0.17487772,0.17487775,0.47536677,0.17487772
Test_638,0.39160946,0.23801017,0.18518154,0.1851989
Test_639,0.17487812,0.17487945,0.47536433,0.17487812
Test_640,0.17615703,0.17693968,0.47140238,0.17550096
Test_641,0.17532352,0.47345653,0.17601955,0.17520043
Test_642,0.18530208,0.4253935,0.18391265,0.20539178
Test_643,0.31698966,0.18892749,0.18876903,0.30531383
Test_644,0.30459604,0.21483554,0.21345824,0.2671101
Test_645,0.18107915,0.43474707,0.20352128,0.18065254
Test_646,0.17487772,0.17487772,0.47536686,0.17487772
Test_647,0.17793629,0.18916747,0.4549604,0.17793587
Test_648,0.465701,0.1765769,0.1813074,0.17641471
Test_649,0.17680407,0.4628725,0.18351875,0.17680465
Test_650,0.17487772,0.17487772,0.47536686,0.17487772
Test_651,0.20135315,0.2551379,0.35447636,0.18903255
Test_652,0.47519475,0.17498153,0.17491852,0.17490521
Test_653,0.4290394,0.18879272,0.18157527,0.20059268
Test_654,0.17989099,0.17824152,0.4654349,0.17643254
Test_655,0.17850316,0.45449847,0.17802317,0.18897524
Test_656,0.1748812,0.17488566,0.17488809,0.47534493
Test_657,0.17487772,0.17487772,0.47536686,0.17487772
Test_658,0.47535938,0.17487894,0.17488176,0.17487992
Test_659,0.2158917,0.25573674,0.21472947,0.31364217
Test_660,0.17498477,0.47468808,0.17534229,0.17498477
Test_661,0.18877794,0.30725297,0.31512997,0.18883911
Test_662,0.17492254,0.17506664,0.17492159,0.4750892
Test_663,0.17487772,0.17487772,0.47536686,0.17487772
Test_664,0.17609301,0.4675218,0.18029216,0.17609301
Test_665,0.46353185,0.17669655,0.17689,0.18288168
Test_666,0.17883606,0.1938469,0.4484799,0.17883714
Test_667,0.46524203,0.17655076,0.17643826,0.18176898
Test_668,0.17495222,0.17520033,0.47489533,0.17495215
Test_669,0.17491114,0.47515512,0.17502257,0.17491114
Test_670,0.18613246,0.3797247,0.24801037,0.18613246
Test_671,0.17562401,0.47058696,0.17816497,0.17562401
Test_672,0.18215461,0.44823256,0.17914464,0.19046812
Test_673,0.17487775,0.17487784,0.4753666,0.17487775
Test_674,0.17487772,0.17487772,0.47536686,0.17487772
Test_675,0.27365306,0.18797366,0.18788503,0.3504883
Test_676,0.18506753,0.21926358,0.18342192,0.412247
Test_677,0.17537585,0.47219104,0.17701818,0.17541489
Test_678,0.17523775,0.47308016,0.17523707,0.17644499
Test_679,0.47263402,0.17577283,0.17628533,0.17530783
Test_680,0.31821984,0.26914653,0.1911716,0.22146198
Test_681,0.17488134,0.17489001,0.17488071,0.47534797
Test_682,0.22520211,0.3996717,0.18473293,0.19039324
Test_683,0.18013842,0.18303852,0.17753097,0.45929208
Test_684,0.20500563,0.2725864,0.19293137,0.32947654
Test_685,0.4616151,0.18026629,0.1769942,0.18112443
Test_686,0.31436357,0.29040316,0.196832,0.19840135
Test_687,0.2841081,0.21129212,0.2267895,0.27781028
Test_688,0.17496623,0.4748063,0.17496634,0.17526111
Test_689,0.24829577,0.2131731,0.18997748,0.34855363
Test_690,0.22881389,0.22063847,0.251114,0.29943356
Test_691,0.27293,0.18786702,0.18784116,0.35136184
Test_692,0.18768834,0.26315972,0.36181703,0.18733492
Test_693,0.47335336,0.17617331,0.17527795,0.17519544
Test_694,0.18672699,0.3887397,0.18550806,0.23902526
Test_695,0.20970824,0.38626507,0.18646787,0.21755883
Test_696,0.17487772,0.17487772,0.47536686,0.17487772
Test_697,0.17487888,0.17488275,0.4753595,0.17487888
Test_698,0.47063667,0.17568715,0.17793302,0.17574319
Test_699,0.18968478,0.29345185,0.1889613,0.32790208
Test_700,0.18807901,0.34566996,0.27817205,0.188079
Test_701,0.20377854,0.41999453,0.18267438,0.19355252
Test_702,0.44776443,0.17946412,0.17894363,0.1938278
Test_703,0.17488195,0.17489512,0.4753411,0.17488177
Test_704,0.1756995,0.17850402,0.47009698,0.1756995
Test_705,0.17487772,0.17487772,0.47536686,0.17487772
Test_706,0.47536612,0.17487815,0.17487784,0.17487793
Test_707,0.17910525,0.44649124,0.17910525,0.1952982
Test_708,0.18074107,0.46683615,0.17619707,0.17622566
Test_709,0.17487772,0.17487772,0.47536686,0.17487772
Test_710,0.18244165,0.21574768,0.4193691,0.18244165
Test_711,0.4753666,0.17487776,0.17487791,0.17487776
Test_712,0.19091907,0.31185296,0.18916407,0.30806395
Test_713,0.17617519,0.46703416,0.18056914,0.17622153
Test_714,0.17493436,0.47500816,0.17512305,0.17493436
Test_715,0.17487772,0.17487772,0.47536686,0.17487772
Test_716,0.4438905,0.17993619,0.17969112,0.1964822
Test_717,0.1802332,0.20165622,0.4378774,0.1802332
Test_718,0.47535583,0.17487946,0.17488119,0.17488346
Test_719,0.17487772,0.17487775,0.47536677,0.17487772
Test_720,0.33806404,0.25750405,0.19006068,0.2143713
Test_721,0.17585489,0.4690843,0.17920595,0.17585489
Test_722,0.17487866,0.17488177,0.4753609,0.17487866
Test_723,0.18822153,0.36399782,0.20540948,0.24237108
Test_724,0.1871863,0.36388195,0.26174518,0.18718663
Test_725,0.37869456,0.24761766,0.18628725,0.18740052
Test_726,0.25772756,0.1879172,0.18706435,0.36729088
Test_727,0.1749523,0.17520109,0.47489432,0.1749523
Test_728,0.1749283,0.17509688,0.47504652,0.1749283
Test_729,0.257278,0.18687491,0.36897206,0.186875
Test_730,0.17488672,0.17491676,0.4753097,0.17488672
Test_731,0.18862084,0.32707798,0.29568043,0.18862084
Test_732,0.17514625,0.4736603,0.1760472,0.17514625
Test_733,0.17495504,0.47504613,0.1749823,0.17501643
Test_734,0.18064104,0.43512753,0.20288551,0.18134588
Test_735,0.2126841,0.38720402,0.18688121,0.2132307
Test_736,0.18958081,0.22231331,0.18431301,0.40379283
Test_737,0.47412574,0.17507415,0.17507666,0.1757234
Test_738,0.47522,0.17490093,0.17490093,0.17497818
Test_739,0.17489643,0.17495874,0.47524843,0.17489643
Test_740,0.39293835,0.21187751,0.1896352,0.20554891
Test_741,0.18343163,0.44017178,0.19555686,0.1808397
Test_742,0.21410802,0.19532372,0.21177033,0.37879792
Test_743,0.175074,0.17556192,0.4743216,0.1750425
Test_744,0.18704247,0.45450896,0.18041751,0.17803107
Test_745,0.17552155,0.1775651,0.47141758,0.17549579
Test_746,0.17487772,0.17487772,0.47536686,0.17487772
Test_747,0.17849724,0.4698348,0.17578498,0.17588301
Test_748,0.18108782,0.431265,0.18208796,0.20555918
Test_749,0.40494275,0.20078729,0.1866657,0.20760417
Test_750,0.22716603,0.1907299,0.18571347,0.39639068
Test_751,0.17487793,0.17487864,0.47536552,0.17487793
Test_752,0.24054846,0.20044665,0.1880469,0.37095794
Test_753,0.40311527,0.18413106,0.22862267,0.18413106
Test_754,0.44994438,0.18168652,0.180388,0.1879811
Test_755,0.43392125,0.1937162,0.18339829,0.18896428
Test_756,0.19659679,0.19481286,0.21433464,0.39425576
Test_757,0.33384854,0.19465853,0.18902369,0.2824692
Test_758,0.46096805,0.17781432,0.17943901,0.1817786
Test_759,0.33627352,0.28479737,0.18857993,0.1903491
Test_760,0.27539238,0.21013795,0.21319337,0.3012764
Test_761,0.17843786,0.46525556,0.17646538,0.17984118
Test_762,0.18974686,0.4541432,0.17805141,0.17805861
Test_763,0.18079303,0.43341282,0.20500107,0.18079303
Test_764,0.30004853,0.18945095,0.32171994,0.18878056
Test_765,0.47187486,0.17727497,0.17542471,0.1754254
Test_766,0.43344265,0.2023989,0.18326965,0.18088885
Test_767,0.18553574,0.45899403,0.1774432,0.17802697
Test_768,0.17668839,0.17529222,0.47272727,0.17529207
Test_769,0.17487772,0.47536686,0.17487772,0.17487772
Test_770,0.17489366,0.17488284,0.47534186,0.17488167
Test_771,0.17487772,0.17487772,0.47536686,0.17487772
Test_772,0.35287127,0.22903576,0.18943864,0.22865441
Test_773,0.17487799,0.17487888,0.4753652,0.17487799
Test_774,0.17724694,0.18516947,0.17714967,0.46043387
Test_775,0.17487772,0.17487776,0.47536677,0.17487772
Test_776,0.18587607,0.45943466,0.17729531,0.17739391
Test_777,0.17682554,0.46643233,0.17626134,0.18048085
Test_778,0.20846179,0.32798687,0.26875117,0.19480018
Test_779,0.18254066,0.41890424,0.21548647,0.18306853
Test_780,0.47528568,0.17489202,0.1748914,0.17493095
Test_781,0.41636404,0.18969573,0.20951769,0.18442258
Test_782,0.18790655,0.27437276,0.34981418,0.18790655
Test_783,0.17661601,0.18272379,0.46404415,0.17661601
Test_784,0.17495213,0.47492114,0.1751778,0.17494887
Test_785,0.41364324,0.18309224,0.18306574,0.22019877
Test_786,0.17487915,0.1748839,0.47535786,0.17487915
Test_787,0.17487775,0.17487782,0.4753667,0.17487775
Test_788,0.24020009,0.3593351,0.1890304,0.21143442
Test_789,0.17489375,0.17494711,0.47526544,0.17489375
Test_790,0.18951455,0.34295726,0.20730646,0.26022178
Test_791,0.18032712,0.20220797,0.43713775,0.1803272
Test_792,0.17487772,0.47536686,0.17487772,0.17487772
Test_793,0.17487772,0.1748778,0.4753667,0.17487772
Test_794,0.19782443,0.27066854,0.18915044,0.34235668
Test_795,0.17493793,0.17511156,0.17493737,0.4750131
Test_796,0.17491479,0.17503832,0.47513214,0.17491479
Test_797,0.47498685,0.17493771,0.17513774,0.17493771
Test_798,0.17528665,0.1766646,0.47276202,0.17528665
Test_799,0.17577684,0.46959367,0.17885268,0.17577684
Test_800,0.18653013,0.37417385,0.25276497,0.18653105
Test_801,0.17682952,0.17547177,0.47215682,0.17554188
Test_802,0.17487776,0.17487791,0.4753666,0.17487776
Test_803,0.17522348,0.47317562,0.17637458,0.17522635
Test_804,0.17487772,0.17487772,0.47536686,0.17487772
Test_805,0.1786526,0.19287391,0.44982094,0.1786526
Test_806,0.46801302,0.17608693,0.17601967,0.1798804
Test_807,0.17823188,0.46130064,0.18342906,0.1770384
Test_808,0.17497207,0.17526507,0.17497747,0.47478533
Test_809,0.21009429,0.39966643,0.1850637,0.20517565
Test_810,0.1803493,0.4369626,0.2023388,0.1803493
Test_811,0.47503,0.17493105,0.17510805,0.17493092
Test_812,0.17487895,0.17488301,0.47535917,0.17487895
Test_813,0.4753668,0.1748777,0.17487772,0.1748777
Test_814,0.19805641,0.2755272,0.19641346,0.3300029
Test_815,0.17836522,0.4556237,0.1820874,0.18392369
Test_816,0.22852145,0.24779154,0.26499695,0.25869012
Test_817,0.18876456,0.31432483,0.3081461,0.18876456
Test_818,0.17487772,0.17487772,0.47536686,0.17487772
Test_819,0.18037856,0.43675134,0.18044263,0.20242736
Test_820,0.40807888,0.18387899,0.22427276,0.18376936
Test_821,0.17940181,0.45697656,0.17860985,0.18501173
Test_822,0.20194419,0.27896813,0.32649803,0.1925897
Test_823,0.2185798,0.20951694,0.18941526,0.382488
Test_824,0.40807164,0.18379024,0.18371049,0.22442769
Test_825,0.17503004,0.17553926,0.47440073,0.17503004
Test_826,0.17488964,0.17488049,0.47534937,0.17488047
Test_827,0.17790356,0.18900467,0.45518807,0.17790365
Test_828,0.17487772,0.17487772,0.47536686,0.17487772
Test_829,0.47519532,0.17490777,0.17490482,0.17499207
Test_830,0.18135075,0.4291641,0.20688893,0.18259624
Test_831,0.18258525,0.21675827,0.4180712,0.18258525
Test_832,0.18741189,0.20640515,0.18248469,0.4236983
Test_833,0.1748777,0.4753668,0.17487772,0.17487772
Test_834,0.18108651,0.4310163,0.20681071,0.18108651
Test_835,0.1748922,0.17494042,0.47527513,0.1748922
Test_836,0.46862596,0.17799631,0.17593083,0.17744695
Test_837,0.1748848,0.17490837,0.47532204,0.1748848
Test_838,0.42697066,0.1978108,0.18510453,0.19011405
Test_839,0.17494775,0.47492576,0.17495145,0.17517513
Test_840,0.1777271,0.17552826,0.4712181,0.17552653
Test_841,0.2053339,0.33069548,0.21109636,0.25287423
Test_842,0.18172735,0.1776994,0.1766701,0.46390322
Test_843,0.17487776,0.4753666,0.1748779,0.17487776
Test_844,0.19437432,0.17893477,0.17893444,0.44775647
Test_845,0.174878,0.17487818,0.47536594,0.17487785
Test_846,0.18041418,0.17857228,0.17676911,0.46424437
Test_847,0.1748797,0.4753542,0.17488636,0.1748797
Test_848,0.17512417,0.47381407,0.1759394,0.17512238
Test_849,0.190437,0.27440205,0.3373137,0.19784722
Test_850,0.17487772,0.17487772,0.47536686,0.17487772
Test_851,0.4691738,0.1758877,0.17900205,0.17593643
Test_852,0.17776655,0.4561566,0.18831068,0.17776616
Test_853,0.17507277,0.47412923,0.17572491,0.17507315
Test_854,0.24511628,0.23873886,0.2097058,0.30643907
Test_855,0.43581095,0.181193,0.1829504,0.20004557
Test_856,0.47280696,0.17644776,0.1754502,0.17529513
Test_857,0.17493573,0.1749104,0.47525913,0.17489474
Test_858,0.17506935,0.17571075,0.4741506,0.17506935
Test_859,0.20537868,0.19483785,0.38360262,0.21618083
Test_860,0.20376931,0.18721703,0.18410446,0.42490926
Test_861,0.1878546,0.35098252,0.27330828,0.1878546
Test_862,0.174945,0.17516944,0.4749405,0.174945
Test_863,0.17841992,0.17580144,0.17570616,0.47007254
Test_864,0.18143609,0.20902088,0.42810693,0.18143609
Test_865,0.17975117,0.19888043,0.4416172,0.17975117
Test_866,0.17502707,0.1755263,0.47441962,0.17502707
Test_867,0.17669654,0.1830835,0.46352604,0.17669386
Test_868,0.24109368,0.18571292,0.38766608,0.1855273
Test_869,0.20691697,0.2168612,0.18612403,0.39009783
Test_870,0.47536626,0.17487812,0.17487781,0.17487781
Test_871,0.1785419,0.19215891,0.17854376,0.4507554
Test_872,0.18314305,0.42190373,0.21273534,0.18221788
Test_873,0.2483235,0.19721341,0.19362365,0.3608395
Test_874,0.17487957,0.47535646,0.17487992,0.1748841
Test_875,0.41738313,0.21581674,0.18271725,0.18408279
Test_876,0.20166707,0.3692709,0.19021565,0.23884635
Test_877,0.24833402,0.21394552,0.19018376,0.34753674
Test_878,0.473469,0.17519245,0.17517623,0.17616236
Test_879,0.17511947,0.17526564,0.47461912,0.17499569
Test_880,0.17487772,0.17487772,0.47536686,0.17487772
Test_881,0.1748777,0.17487772,0.4753668,0.1748777
Test_882,0.17492075,0.47509447,0.17493959,0.17504527
Test_883,0.47481233,0.17515984,0.17496757,0.17506027
Test_884,0.18855615,0.33482775,0.28816342,0.18845262
Test_885,0.40369648,0.22814691,0.18408126,0.18407539
Test_886,0.17488627,0.1748797,0.47535443,0.1748797
Test_887,0.47493145,0.1751487,0.1749733,0.17494653
Test_888,0.17649907,0.18217441,0.4648275,0.17649907
Test_889,0.17488307,0.17490084,0.4753331,0.17488307
Test_890,0.17852746,0.19221433,0.4507301,0.17852813
Test_891,0.18771619,0.18094736,0.17854081,0.45279574
Test_892,0.1749033,0.17498854,0.4752049,0.1749033
Test_893,0.18116233,0.43039048,0.18116233,0.2072849
Test_894,0.38512537,0.19013464,0.23809901,0.18664101
Test_895,0.47536686,0.17487772,0.17487772,0.17487772
Test_896,0.18477197,0.23039775,0.18441515,0.4004152
Test_897,0.27417117,0.18789685,0.3500351,0.18789683
Test_898,0.22989605,0.19356143,0.18836,0.38818252
Test_899,0.1748789,0.17488286,0.47535938,0.1748789
Test_900,0.1962577,0.28297728,0.19030076,0.3304643
Test_901,0.17801867,0.18958126,0.454378,0.17802203
Test_902,0.44750708,0.18984523,0.17903447,0.18361324
Test_903,0.175042,0.17559148,0.47432455,0.175042
Test_904,0.19327311,0.37285927,0.18704498,0.24682264
Test_905,0.17487772,0.17487772,0.47536686,0.17487772
Test_906,0.17616084,0.46707448,0.18060386,0.17616084
Test_907,0.2100191,0.3853307,0.21660587,0.18804431
Test_908,0.18748508,0.39263955,0.18522389,0.23465149
Test_909,0.2348583,0.18599069,0.18501844,0.39413252
Test_910,0.17487888,0.17488277,0.4753595,0.17487888
Test_911,0.17606322,0.46932563,0.17770907,0.17690201
Test_912,0.17495708,0.17522186,0.47486392,0.17495708
Test_913,0.1757462,0.46979305,0.17871448,0.1757462
Test_914,0.18153936,0.433637,0.18197781,0.20284586
Test_915,0.17495072,0.17519417,0.47490442,0.17495072
Test_916,0.18317468,0.2163031,0.41786358,0.18265858
Test_917,0.17499572,0.17538983,0.4746188,0.17499572
Test_918,0.17487776,0.17487781,0.4753667,0.17487775
Test_919,0.46767077,0.1763145,0.17994298,0.1760717
Test_920,0.17857742,0.4503672,0.1924779,0.17857742
Test_921,0.20153627,0.18044312,0.18025257,0.437768
Test_922,0.36328676,0.18772793,0.261163,0.18782239
Test_923,0.21374583,0.42190367,0.18219149,0.18215898
Test_924,0.1793363,0.19398522,0.44519055,0.18148796
Test_925,0.1748786,0.17487794,0.17487793,0.47536558
Test_926,0.17487781,0.17487814,0.47536626,0.17487781
Test_927,0.30997527,0.26443785,0.19396865,0.23161818
Test_928,0.18377988,0.22574866,0.4066916,0.18377988
Test_929,0.18156675,0.42994642,0.19368301,0.19480383
Test_930,0.475285,0.17490299,0.17489065,0.17492138
Test_931,0.17502311,0.4750341,0.17500798,0.17493477
Test_932,0.44671285,0.17929049,0.17908776,0.1949089
Test_933,0.1955886,0.22162421,0.18709256,0.39569458
Test_934,0.18042849,0.20280519,0.4363379,0.18042845
Test_935,0.17487772,0.17487772,0.47536686,0.17487772
Test_936,0.23931013,0.33123928,0.2275512,0.2018993
Test_937,0.47492054,0.17516227,0.17494817,0.17496902
Test_938,0.1842856,0.22935474,0.18438727,0.4019724
Test_939,0.47527406,0.17489268,0.174896,0.17493722
Test_940,0.24687569,0.19110894,0.18676083,0.37525454
Test_941,0.25065258,0.37643638,0.18638252,0.18652853
Test_942,0.20568264,0.23830034,0.18795352,0.3680636
Test_943,0.17487772,0.17487772,0.47536686,0.17487772
Test_944,0.41656077,0.20661777,0.19374532,0.18307616
Test_945,0.31396836,0.22180179,0.27020687,0.19402301
Test_946,0.17487875,0.17488217,0.4753603,0.17487875
Test_947,0.18777058,0.2716488,0.35281017,0.18777049
Test_948,0.19185093,0.3949613,0.22211823,0.19106965
Test_949,0.47533157,0.17488427,0.17488326,0.17490079
Test_950,0.19756736,0.30484203,0.18970083,0.30788982
Test_951,0.1748866,0.17491624,0.4753105,0.1748866
Test_952,0.23195937,0.37514505,0.18740845,0.20548718
Test_953,0.23592894,0.27901685,0.19381522,0.29123908
Test_954,0.17879115,0.17763737,0.17613864,0.46743286
Test_955,0.33949527,0.22121574,0.1902225,0.24906647
Test_956,0.19969504,0.29694024,0.18996854,0.3133962
Test_957,0.19523674,0.29417387,0.18941928,0.32117012
Test_958,0.18395555,0.22557996,0.40660182,0.18386266
Test_959,0.17635696,0.1814366,0.4658626,0.17634384
Test_960,0.18007262,0.20072125,0.4391335,0.18007264
Test_961,0.17488208,0.47536033,0.17487878,0.17487873
Test_962,0.17823604,0.45345816,0.180301,0.18800472
Test_963,0.47534543,0.1748842,0.1748813,0.1748891
Test_964,0.17487772,0.17487772,0.47536686,0.17487772
Test_965,0.47532263,0.17490797,0.1748847,0.17488472
Test_966,0.1748777,0.4753668,0.17487775,0.1748777
Test_967,0.17491546,0.47512773,0.17504124,0.17491548
Test_968,0.17488971,0.17492965,0.47529092,0.17488971
Test_969,0.18876618,0.30862272,0.3138449,0.18876618
Test_970,0.3278212,0.2914174,0.18891636,0.19184507
Test_971,0.20064503,0.24702853,0.18801358,0.3643129
Test_972,0.1748777,0.17487772,0.4753668,0.1748777
Test_973,0.17488211,0.17489673,0.4753391,0.17488211
Test_974,0.37319496,0.24831894,0.18706305,0.19142301
Test_975,0.17494242,0.47495684,0.17494242,0.17515825
Test_976,0.17500806,0.17544352,0.47454038,0.17500806
Test_977,0.1858993,0.44914502,0.18212658,0.18282911
Test_978,0.17495577,0.17521618,0.4748722,0.17495577
Test_979,0.47536686,0.17487772,0.17487772,0.17487772
Test_980,0.17500897,0.47515866,0.17491059,0.17492174
Test_981,0.17814969,0.45509204,0.17803183,0.1887264
Test_982,0.17674218,0.17560592,0.17536217,0.47228974
Test_983,0.17514658,0.17604862,0.47365826,0.17514658
Test_984,0.19274983,0.28150585,0.18879369,0.33695066
Test_985,0.17527352,0.17501508,0.17497762,0.4747338
Test_986,0.1824027,0.44478256,0.18405136,0.18876337
Test_987,0.18866527,0.29816395,0.3245049,0.18866593
Test_988,0.47070512,0.17561634,0.17807247,0.17560616
Test_989,0.4727911,0.17528214,0.17664464,0.17528214
Test_990,0.1749466,0.47505334,0.17494121,0.17505886
Test_991,0.17745708,0.1867766,0.45830923,0.17745708
Test_992,0.17504515,0.17560017,0.17504421,0.4743105
Test_993,0.18094878,0.17944595,0.18003413,0.4595711
Test_994,0.17740344,0.46785462,0.17666504,0.17807692
Test_995,0.2401267,0.22083382,0.349431,0.18960844
Test_996,0.17488426,0.47532544,0.17488426,0.17490605
Test_997,0.17775331,0.4566533,0.18788818,0.17770517
Test_998,0.17504406,0.17560036,0.47431156,0.17504406
Test_999,0.183504,0.40942124,0.22357081,0.18350399
Test_1000,0.18785791,0.27337477,0.35090944,0.18785791
Test_1001,0.42431435,0.1842511,0.18196075,0.20947388
Test_1002,0.17487772,0.1748778,0.4753667,0.17487772
Test_1003,0.4720542,0.17708257,0.17546418,0.17539908
Test_1004,0.20039934,0.35564217,0.18853445,0.25542405
Test_1005,0.47460473,0.17530218,0.1749986,0.17509444
Test_1006,0.17487775,0.17487787,0.4753666,0.17487775
Test_1007,0.17489052,0.47528622,0.17492667,0.17489652
Test_1008,0.20644759,0.39994565,0.20658109,0.18702567
Test_1009,0.18876992,0.31043068,0.31202942,0.18876992
Test_1010,0.17487772,0.17487772,0.47536686,0.17487772
Test_1011,0.17487803,0.17487909,0.47536483,0.17487803
Test_1012,0.19121747,0.27731985,0.20488876,0.32657397
Test_1013,0.17487776,0.17487787,0.4753667,0.17487776
Test_1014,0.18247002,0.21570465,0.41935608,0.18246922
Test_1015,0.4035653,0.22105312,0.18655223,0.18882938
Test_1016,0.19302852,0.17887072,0.1787153,0.44938534
Test_1017,0.17487833,0.17487785,0.47536594,0.17487785
Test_1018,0.19925778,0.27179235,0.26322368,0.2657262
Test_1019,0.17488332,0.4753315,0.17490193,0.17488332
Test_1020,0.17691258,0.18413222,0.4620426,0.17691258
Test_1021,0.17775506,0.18790533,0.45659694,0.17774265
Test_1022,0.18008527,0.20078644,0.43904394,0.18008439
Test_1023,0.35919532,0.19019367,0.21852544,0.23208557
Test_1024,0.45796344,0.1775484,0.18677369,0.17771439
Test_1025,0.47374734,0.1758581,0.17513444,0.17526014
Test_1026,0.25315788,0.2075799,0.19064617,0.34861603
Test_1027,0.23203368,0.37629429,0.18743029,0.20424178
Test_1028,0.17494512,0.47498265,0.17497215,0.17510004
Test_1029,0.18685848,0.20961161,0.18328498,0.42024496
Test_1030,0.17490806,0.17500643,0.47517794,0.17490755
Test_1031,0.17700689,0.18425582,0.17696035,0.4617769
Test_1032,0.47473013,0.17531307,0.17497854,0.17497821
Test_1033,0.17487772,0.17487772,0.47536686,0.17487772
Test_1034,0.17558828,0.17800471,0.47081855,0.17558841
Test_1035,0.17527153,0.17496854,0.4747914,0.17496853
Test_1036,0.47258857,0.176784,0.17531371,0.17531371
Test_1037,0.17488378,0.17488343,0.47534245,0.17489026
Test_1038,0.17489706,0.47524476,0.17495412,0.17490414
Test_1039,0.19182861,0.3724626,0.24773024,0.1879786
Test_1040,0.30354092,0.2535953,0.19228616,0.25057763
Test_1041,0.17959602,0.44280192,0.1980059,0.17959611
Test_1042,0.17553894,0.1777842,0.17553893,0.47113788
Test_1043,0.2053972,0.18086046,0.43287465,0.18086764
Test_1044,0.45308277,0.17823398,0.17820077,0.19048256
Test_1045,0.18705899,0.36601183,0.25987023,0.18705899
Test_1046,0.17487805,0.47536498,0.17487893,0.17487803
Test_1047,0.47536686,0.17487772,0.17487772,0.17487772
Test_1048,0.23936917,0.28722686,0.19261941,0.2807846
Test_1049,0.47324705,0.17522451,0.17559466,0.17593375
Test_1050,0.17559609,0.4711213,0.17774096,0.17554167
Test_1051,0.4581282,0.18690531,0.17748323,0.17748329
Test_1052,0.4695527,0.17682509,0.17578626,0.17783588
Test_1053,0.17491512,0.17503972,0.47513008,0.17491512
Test_1054,0.18866596,0.17783716,0.17783652,0.4556603
Test_1055,0.1748785,0.47536325,0.17487831,0.17488
Test_1056,0.17487772,0.17487775,0.47536677,0.17487772
Test_1057,0.33317953,0.22269009,0.1905914,0.2535389
Test_1058,0.47532254,0.17488483,0.1748978,0.17489481
Test_1059,0.46285552,0.1791812,0.17684366,0.18111971
Test_1060,0.17487846,0.47536567,0.17487796,0.1748779
Test_1061,0.17989224,0.4614075,0.17988515,0.17881508
Test_1062,0.18929097,0.3869948,0.23793158,0.18578258
Test_1063,0.1770964,0.18501624,0.46079096,0.1770964
Test_1064,0.4590542,0.18599196,0.17735673,0.17759703
Test_1065,0.4753646,0.17487808,0.17487872,0.17487858
Test_1066,0.20423046,0.23937818,0.18799677,0.36839458
Test_1067,0.46744558,0.18033378,0.17610614,0.17611451
Test_1068,0.29667386,0.22821581,0.19624282,0.27886754
Test_1069,0.18664418,0.4568982,0.17807828,0.17837937
Test_1070,0.17527208,0.47322193,0.17585036,0.17565566
Test_1071,0.17522036,0.1763666,0.47319373,0.17521928
Test_1072,0.46520123,0.18172333,0.176631,0.17644446
Test_1073,0.45943546,0.18361191,0.17855825,0.17839435
Test_1074,0.18855995,0.34602204,0.27730942,0.18810853
Test_1075,0.17502671,0.17552483,0.47442177,0.17502671
Test_1076,0.47511932,0.17500031,0.174963,0.17491746
Test_1077,0.37400863,0.18654385,0.18654396,0.25290355
Test_1078,0.45053303,0.1908449,0.17977744,0.17884462
Test_1079,0.17592812,0.17953865,0.46860507,0.17592812
Test_1080,0.266832,0.35339946,0.18808608,0.19168247
Test_1081,0.1770999,0.18503323,0.46076694,0.1770999
Test_1082,0.19697167,0.19144557,0.18214566,0.4294371
Test_1083,0.201442,0.18188879,0.18147592,0.43519327
Test_1084,0.18843384,0.3351163,0.2880161,0.18843384
Test_1085,0.47535345,0.17488001,0.17487982,0.17488666
Test_1086,0.17701957,0.1846457,0.46131513,0.1770196
Test_1087,0.18919352,0.35162622,0.18793924,0.271241
Test_1088,0.17494471,0.17516808,0.47494254,0.17494471
Test_1089,0.195383,0.3697702,0.18736841,0.24747838
Test_1090,0.18089701,0.2056339,0.1808965,0.4325726
Test_1091,0.3403151,0.18936883,0.18837616,0.2819399
Test_1092,0.47506687,0.17508297,0.17492509,0.1749251
Test_1093,0.18750319,0.18864478,0.18069209,0.44315994
Test_1094,0.47527534,0.17493083,0.17489362,0.1749001
Test_1095,0.25447235,0.18899047,0.36103085,0.19550636
Test_1096,0.23132011,0.18513116,0.18457799,0.39897075
Test_1097,0.17498668,0.17534935,0.17498726,0.47467676
Test_1098,0.19438888,0.32776192,0.18915704,0.28869215
Test_1099,0.3673143,0.20336114,0.18825454,0.24106996
Test_1100,0.1749174,0.17504962,0.47511563,0.1749174
Test_1101,0.17715159,0.46075907,0.17719346,0.18489587
Test_1102,0.17487785,0.17487836,0.4753659,0.17487785
Test_1103,0.18709674,0.41045636,0.2132162,0.18923073
Test_1104,0.18025707,0.19504437,0.4392715,0.1854271
Test_1105,0.177194,0.17859648,0.4632339,0.18097556
Test_1106,0.41590336,0.20281655,0.19487828,0.18640174
Test_1107,0.17488126,0.17489314,0.4753443,0.17488126
Test_1108,0.289334,0.33306545,0.1885551,0.18904537
Test_1109,0.47522268,0.1749747,0.17490047,0.17490208
Test_1110,0.17487772,0.17487772,0.47536686,0.17487772
Test_1111,0.17489165,0.17493798,0.4752788,0.17489165
Test_1112,0.47032312,0.17597423,0.17569442,0.17800823
Test_1113,0.18591017,0.44655275,0.18835716,0.17917985
Test_1114,0.1748777,0.17487773,0.4753668,0.1748777
Test_1115,0.17489056,0.4752856,0.17493331,0.17489056
Test_1116,0.17487772,0.17487772,0.47536686,0.17487772
Test_1117,0.47536004,0.17487885,0.1748788,0.17488238
Test_1118,0.1748777,0.4753668,0.17487775,0.1748777
Test_1119,0.18891004,0.32536194,0.18867923,0.2970488
Test_1120,0.17488089,0.17489141,0.4753469,0.17488089
Test_1121,0.17604811,0.18008591,0.4678173,0.17604862
Test_1122,0.18805686,0.42138228,0.18248233,0.2080785
Test_1123,0.17492878,0.17488956,0.17488952,0.4752921
Test_1124,0.17614077,0.18051152,0.46720693,0.17614077
Test_1125,0.17487772,0.17487772,0.47536686,0.17487772
Test_1126,0.21330915,0.1902341,0.18383709,0.4126197
Test_1127,0.22323528,0.19366814,0.20485999,0.3782366
Test_1128,0.17596921,0.17512849,0.47377387,0.17512846
Test_1129,0.17487772,0.17487772,0.47536686,0.17487772
Test_1130,0.3236083,0.1910615,0.18925592,0.2960743
Test_1131,0.17833215,0.18818274,0.17872491,0.45476022
Test_1132,0.47512046,0.17504348,0.17491913,0.17491697
Test_1133,0.21409577,0.39078358,0.18601516,0.20910552
Test_1134,0.18377678,0.40672606,0.2257207,0.18377645
Test_1135,0.18797138,0.4345025,0.19504613,0.18248005
Test_1136,0.1960413,0.30155176,0.18958926,0.31281763
Test_1137,0.24450192,0.3838657,0.1858162,0.18581621
Test_1138,0.20678335,0.24978746,0.18990728,0.3535219
Test_1139,0.18703236,0.366449,0.2594863,0.18703236
Test_1140,0.21747704,0.3703205,0.18798462,0.22421782
Test_1141,0.38952586,0.18645303,0.22733562,0.19668543
Test_1142,0.17689097,0.18402891,0.46218908,0.17689097
Test_1143,0.17493913,0.47500363,0.17510845,0.17494883
Test_1144,0.17487772,0.17487772,0.47536686,0.17487772
Test_1145,0.18743627,0.21612495,0.19359514,0.40284368
Test_1146,0.1748785,0.17488109,0.47536197,0.1748785
Test_1147,0.17631832,0.17895854,0.17589608,0.46882704
Test_1148,0.17488205,0.17489643,0.47533956,0.17488205
Test_1149,0.17678651,0.18324082,0.46323562,0.17673707
Test_1150,0.44989592,0.17889851,0.18649384,0.18471165
Test_1151,0.46265048,0.17758723,0.18236746,0.1773948
Test_1152,0.47536686,0.17487772,0.17487772,0.17487772
Test_1153,0.24118195,0.2734141,0.23623054,0.24917345
Test_1154,0.18876986,0.31211093,0.31034938,0.18876986
Test_1155,0.17594668,0.17961857,0.46848887,0.17594586
Test_1156,0.30870134,0.18876855,0.3137634,0.18876667
Test_1157,0.25353327,0.18793795,0.18678164,0.37174714
Test_1158,0.17487872,0.47536045,0.17487872,0.17488205
Test_1159,0.1748778,0.17487808,0.47536632,0.1748778
Test_1160,0.46964136,0.17736512,0.1757779,0.17721559
Test_1161,0.17488195,0.17489606,0.47534004,0.17488195
Test_1162,0.25428674,0.36735988,0.18726516,0.19108815
Test_1163,0.47534823,0.17488067,0.17489047,0.17488067
Test_1164,0.17487867,0.4753609,0.17488183,0.17487867
Test_1165,0.17487772,0.17487772,0.47536686,0.17487772
Test_1166,0.1858298,0.4568905,0.17821938,0.17906033
Test_1167,0.1751323,0.17598616,0.4737492,0.1751323
Test_1168,0.17487848,0.17488104,0.47536197,0.17487848
Test_1169,0.17490259,0.47529736,0.17491072,0.17488928
Test_1170,0.19480966,0.18004204,0.44594267,0.17920566
Test_1171,0.17589042,0.17780508,0.17560811,0.4706965
Test_1172,0.47536686,0.17487772,0.17487772,0.17487772
Test_1173,0.4420899,0.19850802,0.17969227,0.17970978
Test_1174,0.17650425,0.18195632,0.46506634,0.17647302
Test_1175,0.17871995,0.44932973,0.19323038,0.17871995
Test_1176,0.34741318,0.19300479,0.23009743,0.22948463
Test_1177,0.17487772,0.17487772,0.17487772,0.47536686
Test_1178,0.17796288,0.18905628,0.17792256,0.45505828
Test_1179,0.17487772,0.17487772,0.47536686,0.17487772
Test_1180,0.1987948,0.20025836,0.18455048,0.41639638
Test_1181,0.17598563,0.1759929,0.4726705,0.1753509
Test_1182,0.18823366,0.2703292,0.18780725,0.35362992
Test_1183,0.1771579,0.4604157,0.17715138,0.18527514
Test_1184,0.1836232,0.22450355,0.40825015,0.1836232
Test_1185,0.17964517,0.44242766,0.19828202,0.17964517
Test_1186,0.17487772,0.17487772,0.47536686,0.17487772
Test_1187,0.33403552,0.20315774,0.20009151,0.26271525
Test_1188,0.17619476,0.47058707,0.17562558,0.17759258
Test_1189,0.17493401,0.47516614,0.17490943,0.17499045
Test_1190,0.17524514,0.47302866,0.17648114,0.17524505
Test_1191,0.18257228,0.21161756,0.1862787,0.41953143
Test_1192,0.17488675,0.17491677,0.47530982,0.17488675
Test_1193,0.17898992,0.44734615,0.19467399,0.17898995
Test_1194,0.2664405,0.30077693,0.1934099,0.23937267
Test_1195,0.18883917,0.26143882,0.18948288,0.36023915
Test_1196,0.17612389,0.1792287,0.46871027,0.17593715
Test_1197,0.4750879,0.17505379,0.17493595,0.17492233
Test_1198,0.18273677,0.21783946,0.41668692,0.18273677
Test_1199,0.17487772,0.17487772,0.47536686,0.17487772
Test_1200,0.17515115,0.47496712,0.17494091,0.17494082
Test_1201,0.1822715,0.42170626,0.21272682,0.18329538
Test_1202,0.17491587,0.17488652,0.4753111,0.17488654
Test_1203,0.21378994,0.42189005,0.18216051,0.18215948
Test_1204,0.17992914,0.1998946,0.44024703,0.17992914
Test_1205,0.18339294,0.22239332,0.41083112,0.18338262
Test_1206,0.17489557,0.47525403,0.17495485,0.17489561
Test_1207,0.47489294,0.17495532,0.17495252,0.17519923
Test_1208,0.4085994,0.18416189,0.20397168,0.20326701
Test_1209,0.17487772,0.17487776,0.47536677,0.17487772
Test_1210,0.1803666,0.4411961,0.19288644,0.18555084
Test_1211,0.2043967,0.19171426,0.18246752,0.42142144
Test_1212,0.17862768,0.19254074,0.45023417,0.17859736
Test_1213,0.18705033,0.21305084,0.18286228,0.41703653
Test_1214,0.18680164,0.37860698,0.18725784,0.24733351
Test_1215,0.18985212,0.22785245,0.18673402,0.39556143
Test_1216,0.17487976,0.47535384,0.1748866,0.17487976
Test_1217,0.21842702,0.18322614,0.4151169,0.1832299
Test_1218,0.17596118,0.17791069,0.17605689,0.4700713
Test_1219,0.17488438,0.17487925,0.47535712,0.17487925
Test_1220,0.1957429,0.43065128,0.18135607,0.19224966
Test_1221,0.47526965,0.1748931,0.17494416,0.1748931
Test_1222,0.17660892,0.46409172,0.18269047,0.17660892
Test_1223,0.17747498,0.17842415,0.4653867,0.17871414
Test_1224,0.1748777,0.17487772,0.4753668,0.1748777
Test_1225,0.17504998,0.175626,0.47427413,0.17504992
Test_1226,0.17487799,0.17487888,0.4753652,0.17487799
Test_1227,0.18537915,0.23914467,0.18571644,0.38975978
Test_1228,0.18848167,0.34549898,0.1927937,0.27322564
Test_1229,0.45991436,0.17753094,0.17722954,0.18532512
Test_1230,0.17509425,0.4742695,0.17505069,0.17558552
Test_1231,0.4753668,0.17487773,0.1748777,0.1748777
Test_1232,0.30979788,0.21665107,0.19164902,0.28190202
Test_1233,0.17487788,0.17487842,0.47536585,0.17487788
Test_1234,0.18160167,0.21008934,0.4267073,0.18160172
Test_1235,0.34362003,0.27860147,0.18830428,0.18947424
Test_1236,0.22762507,0.2097341,0.19591083,0.36673
Test_1237,0.17518562,0.4734088,0.17621993,0.17518562
Test_1238,0.17487775,0.17487782,0.4753667,0.17487775
Test_1239,0.4391032,0.20053308,0.1802763,0.18008748
Test_1240,0.17494494,0.17516907,0.47494113,0.17494494
Test_1241,0.18150245,0.20138563,0.18086831,0.43624356
Test_1242,0.3319713,0.27324066,0.1900362,0.20475186
Test_1243,0.17487772,0.1748778,0.4753667,0.17487772
Test_1244,0.213321,0.27285895,0.28430477,0.22951528
Test_1245,0.20714992,0.18293644,0.18153727,0.42837635
Test_1246,0.44108373,0.19850266,0.1798405,0.18057309
Test_1247,0.17488818,0.17492296,0.47530076,0.17488818
Test_1248,0.17493713,0.17513528,0.4749904,0.17493713
Test_1249,0.17488885,0.1749256,0.47529647,0.17488916
Test_1250,0.42551008,0.18175416,0.21098775,0.18174802
Test_1251,0.18716101,0.36438555,0.26126266,0.18719077
Test_1252,0.17527458,0.17661117,0.47283962,0.17527455
Test_1253,0.17821178,0.17568061,0.17564303,0.4704645
Test_1254,0.47466025,0.17498925,0.17536137,0.17498921
Test_1255,0.22150667,0.32387444,0.19132046,0.26329842
Test_1256,0.17517474,0.17617218,0.47347832,0.17517474
Test_1257,0.18503116,0.4026137,0.18699597,0.22535916
Test_1258,0.47536337,0.17487845,0.17487825,0.17487991
Test_1259,0.454893,0.18802953,0.17796926,0.17910822
Test_1260,0.45938128,0.17730246,0.17730191,0.18601438
Test_1261,0.17487772,0.1748778,0.4753667,0.17487772
Test_1262,0.2752724,0.324804,0.19238341,0.20754014
Test_1263,0.17487772,0.17487772,0.47536686,0.17487772
Test_1264,0.17507079,0.47449845,0.17501561,0.17541508
Test_1265,0.1764382,0.4704529,0.17621446,0.17689446
Test_1266,0.17487785,0.17487776,0.4753667,0.17487776
Test_1267,0.17487861,0.4753612,0.17488158,0.17487861
Test_1268,0.43181524,0.20304827,0.18406032,0.18107614
Test_1269,0.1749957,0.1753898,0.4746188,0.1749957
Test_1270,0.17487796,0.17487876,0.4753653,0.17487796
Test_1271,0.27471367,0.19184156,0.18874454,0.3447002
Test_1272,0.3818064,0.19020739,0.23302278,0.19496347
Test_1273,0.4750554,0.174927,0.17492692,0.17509066
Test_1274,0.44694543,0.1937006,0.17943403,0.17991994
Test_1275,0.17490241,0.17498463,0.47521064,0.17490241
Test_1276,0.22795159,0.21451688,0.18998174,0.36754972
Test_1277,0.17488395,0.17490469,0.47532743,0.17488395
Test_1278,0.44278368,0.17993721,0.19767277,0.17960635
Test_1279,0.20733264,0.31888777,0.2766153,0.19716436
Test_1280,0.17487788,0.17487842,0.47536585,0.17487788
Test_1281,0.17487772,0.17487772,0.47536686,0.17487772
Test_1282,0.47199965,0.17617197,0.17640924,0.17541917
Test_1283,0.17489943,0.17497174,0.4752294,0.17489943
Test_1284,0.4729487,0.1765223,0.1752582,0.1752708
Test_1285,0.17760786,0.4572629,0.18751965,0.1776096
Test_1286,0.46815798,0.17601128,0.17939287,0.17643787
Test_1287,0.4304709,0.20218769,0.18578102,0.18156037
Test_1288,0.18315907,0.4137021,0.18306863,0.22007021
Test_1289,0.4597863,0.1854542,0.17738025,0.17737922
Test_1290,0.23581287,0.23429999,0.19188914,0.337998
Test_1291,0.2340244,0.39634803,0.1848365,0.18479104
Test_1292,0.17487772,0.17487772,0.47536686,0.17487772
Test_1293,0.21077363,0.3591093,0.24117175,0.18894532
Test_1294,0.17825729,0.45479882,0.1780493,0.18889448
Test_1295,0.17487772,0.17487772,0.47536686,0.17487772
Test_1296,0.43132576,0.20639504,0.18105446,0.18122473
Test_1297,0.18398169,0.4050298,0.22673118,0.18425736
Test_1298,0.17487772,0.17487772,0.47536686,0.17487772
Test_1299,0.17488597,0.17491353,0.47531444,0.17488597
Test_1300,0.17529032,0.17668077,0.47273856,0.17529032
Test_1301,0.17487772,0.17487772,0.47536686,0.17487772
Test_1302,0.18201676,0.18552165,0.17807427,0.45438722
Test_1303,0.47532544,0.17490098,0.17488816,0.17488544
Test_1304,0.1751497,0.17606232,0.4736383,0.1751497
Test_1305,0.17636862,0.46569932,0.18153669,0.17639543
Test_1306,0.2995529,0.21152893,0.1928672,0.29605094
Test_1307,0.17487817,0.17487964,0.47536412,0.17487817
Test_1308,0.33544615,0.27498725,0.19050866,0.19905792
Test_1309,0.45744205,0.17762226,0.17758253,0.18735316
Test_1310,0.17854246,0.19059789,0.17865528,0.45220438
Test_1311,0.39423048,0.2064386,0.20839615,0.19093484
Test_1312,0.30584058,0.21267095,0.2896289,0.19185951
Test_1313,0.17487828,0.17488018,0.47536325,0.17487828
Test_1314,0.17908296,0.19482955,0.4470574,0.17903006
Test_1315,0.47135627,0.17550631,0.17760725,0.17553018
Test_1316,0.17569569,0.17756347,0.47017717,0.1765636
Test_1317,0.17827067,0.45281988,0.18863778,0.18027171
Test_1318,0.4658194,0.1814767,0.1763503,0.17635366
Test_1319,0.18120733,0.20756769,0.43001762,0.18120736
Test_1320,0.19625746,0.20954159,0.1838017,0.4103993
Test_1321,0.18944128,0.19056633,0.3110812,0.30891114
Test_1322,0.4753666,0.1748779,0.17487776,0.17487776
Test_1323,0.1748785,0.17488115,0.4753618,0.1748785
Test_1324,0.18260333,0.46397257,0.17663296,0.17679122
Test_1325,0.44411957,0.17998497,0.17945373,0.1964417
Test_1326,0.18954737,0.35984373,0.18761422,0.26299465
Test_1327,0.1767655,0.18343109,0.46303788,0.1767655
Test_1328,0.33377293,0.22915593,0.24639146,0.19067967
Test_1329,0.17487772,0.17487772,0.47536686,0.17487772
Test_1330,0.17582983,0.4692656,0.17654915,0.17835538
Test_1331,0.17490944,0.1750151,0.47516605,0.17490944
Test_1332,0.175641,0.17511602,0.17506509,0.47417784
Test_1333,0.1748791,0.17488383,0.47535786,0.1748791
Test_1334,0.46945286,0.17756945,0.17580204,0.17717563
Test_1335,0.17537993,0.17707703,0.47216308,0.17537993
Test_1336,0.18750508,0.3581382,0.2668517,0.18750508
Test_1337,0.47146496,0.17577514,0.17726646,0.17549345
Test_1338,0.17487772,0.17487772,0.47536686,0.17487772
Test_1339,0.17838822,0.45768994,0.17762595,0.18629588
Test_1340,0.36949402,0.25647664,0.18686499,0.18716432
Test_1341,0.4752076,0.1749033,0.17498627,0.17490289
Test_1342,0.17498268,0.4747027,0.175332,0.17498264
Test_1343,0.17664216,0.47164193,0.17559406,0.17612194
Test_1344,0.17488435,0.47532484,0.17489319,0.17489763
Test_1345,0.17532673,0.47470865,0.17498298,0.17498162
Test_1346,0.47362664,0.17515156,0.17515154,0.17607033
Test_1347,0.41058174,0.22264631,0.18338592,0.18338603
Test_1348,0.17487912,0.47535986,0.17488147,0.1748795
Test_1349,0.1784977,0.19205968,0.4509449,0.1784977
Test_1350,0.4753584,0.17487906,0.17488353,0.17487906
Test_1351,0.18066673,0.4344321,0.20423445,0.18066673
Test_1352,0.17599152,0.17982766,0.46818927,0.17599152
Test_1353,0.4753667,0.17487775,0.17487782,0.17487775
Test_1354,0.18261096,0.45634833,0.18326476,0.17777586
Test_1355,0.18245667,0.17655922,0.17655924,0.4644249
Test_1356,0.19852716,0.26313418,0.2417876,0.29655105
Test_1357,0.1749019,0.17498247,0.47521374,0.1749019
Test_1358,0.19763708,0.31590438,0.18973202,0.29672655
Test_1359,0.47118804,0.17577131,0.17644124,0.17659943
Test_1360,0.17487776,0.4753667,0.17487776,0.17487785
Test_1361,0.17487772,0.17487772,0.47536686,0.17487772
Test_1362,0.17487772,0.17487772,0.47536686,0.17487772
Test_1363,0.17488723,0.4753068,0.17491803,0.174888
Test_1364,0.18333414,0.41106942,0.22226198,0.18333451
Test_1365,0.47484004,0.17496087,0.17496085,0.17523825
Test_1366,0.31465036,0.30778578,0.1887675,0.18879639
Test_1367,0.1772739,0.18587832,0.45957386,0.1772739
Test_1368,0.17487772,0.17487772,0.47536686,0.17487772
Test_1369,0.47224712,0.1768126,0.17537937,0.17556094
Test_1370,0.17782325,0.4557553,0.18859848,0.17782307
Test_1371,0.26166052,0.18872462,0.19936664,0.35024816
Test_1372,0.21886449,0.18289973,0.4153086,0.18292724
Test_1373,0.19651376,0.4448218,0.17932938,0.179335
Test_1374,0.17727663,0.18589161,0.45955512,0.17727663
Test_1375,0.45622543,0.18825945,0.17775838,0.17775677
Test_1376,0.18465236,0.19645566,0.40921038,0.20968167
Test_1377,0.4753659,0.17487833,0.17487787,0.17487788
Test_1378,0.46067476,0.18509832,0.17711356,0.17711341
Test_1379,0.17487772,0.17487772,0.47536686,0.17487772
Test_1380,0.18210255,0.2116187,0.18188256,0.4243962
Test_1381,0.1749007,0.17489117,0.47532362,0.17488454
Test_1382,0.17487776,0.17487785,0.4753667,0.17487776
Test_1383,0.17716356,0.4603908,0.1844162,0.17802948
Test_1384,0.17759207,0.17757523,0.17587906,0.46895364
Test_1385,0.17812073,0.45458233,0.18862337,0.17867364
Test_1386,0.17488375,0.47534618,0.1748891,0.17488098
Test_1387,0.33425644,0.26228777,0.19701569,0.20644008
Test_1388,0.1748779,0.17487852,0.47536567,0.1748779
Test_1389,0.18706493,0.2593498,0.36655593,0.1870294
Test_1390,0.17571808,0.4699961,0.17857058,0.17571522
Test_1391,0.18093961,0.2058999,0.4322209,0.18093961
Test_1392,0.17834592,0.19126917,0.45203894,0.17834592
Test_1393,0.18749449,0.26667207,0.35833898,0.18749449
Test_1394,0.18260331,0.21497954,0.41999832,0.18241887
Test_1395,0.3117518,0.29645264,0.20178206,0.19001344
Test_1396,0.1887214,0.30229685,0.32026032,0.1887214
Test_1397,0.17487772,0.17487772,0.47536686,0.17487772
Test_1398,0.17487772,0.17487772,0.47536686,0.17487772
Test_1399,0.17488307,0.17490089,0.47533298,0.17488307
Test_1400,0.2219186,0.23636995,0.1896685,0.35204294
Test_1401,0.1897433,0.436332,0.19331397,0.18061076
Test_1402,0.44640297,0.1876079,0.18670814,0.17928098
Test_1403,0.17488118,0.1748927,0.47534493,0.17488118
Test_1404,0.17487772,0.17487772,0.47536686,0.17487772
Test_1405,0.17487772,0.17487772,0.47536686,0.17487772
Test_1406,0.17487901,0.1748833,0.47535872,0.17487901
Test_1407,0.18479414,0.21089031,0.18400533,0.42031023
Test_1408,0.4753665,0.17487778,0.17487778,0.17487799
Test_1409,0.46795547,0.1799729,0.17603138,0.17604025
Test_1410,0.17488594,0.17491333,0.47531477,0.17488594
Test_1411,0.18838668,0.18749405,0.36472934,0.25938985
Test_1412,0.18532182,0.23904547,0.18532403,0.39030865
Test_1413,0.17508957,0.47408137,0.17508022,0.1757489
Test_1414,0.174981,0.17532574,0.47471237,0.174981
Test_1415,0.47356963,0.17609334,0.17516485,0.17517222
Test_1416,0.3696294,0.1925993,0.18728328,0.250488
Test_1417,0.19140185,0.30454838,0.30729645,0.19675331
Test_1418,0.4747375,0.17529286,0.17497708,0.17499247
Test_1419,0.17676917,0.18344842,0.46301323,0.17676917
Test_1420,0.1749644,0.47493318,0.17507613,0.17502627
Test_1421,0.18575189,0.18564504,0.17944698,0.44915608
Test_1422,0.17489101,0.1749353,0.47528267,0.17489101
Test_1423,0.17506383,0.47418576,0.17568663,0.17506383
Test_1424,0.31901506,0.22727053,0.19128858,0.26242578
Test_1425,0.17543499,0.47219524,0.1769886,0.17538114
Test_1426,0.17672965,0.47103894,0.17570424,0.17652726
Test_1427,0.22832005,0.27086413,0.19376656,0.30704924
Test_1428,0.20130377,0.43240497,0.18102983,0.18526141
Test_1429,0.3121913,0.24149948,0.19182356,0.25448567
Test_1430,0.24540927,0.24086,0.19138004,0.32235065
Test_1431,0.19425043,0.36409605,0.18766601,0.25398752
Test_1432,0.17487788,0.17487848,0.47536573,0.17487788
Test_1433,0.17487772,0.47536686,0.17487772,0.17487772
Test_1434,0.18085569,0.20538242,0.43290642,0.18085547
Test_1435,0.19237296,0.26124653,0.19099233,0.35538822
Test_1436,0.17487821,0.1748799,0.4753637,0.17487821
Test_1437,0.17810866,0.45373836,0.1900447,0.17810823
Test_1438,0.17487845,0.17488089,0.47536224,0.17487845
Test_1439,0.47465944,0.17518002,0.17516907,0.17499149
Test_1440,0.18200131,0.21272992,0.42326754,0.18200131
Test_1441,0.46478146,0.18213753,0.17657413,0.17650688
Test_1442,0.17528228,0.47279432,0.17663066,0.17529272
Test_1443,0.19132821,0.19619781,0.43070683,0.18176712
Test_1444,0.17487983,0.17488685,0.4753535,0.17487983
Test_1445,0.21241449,0.18230255,0.42312926,0.18215373
Test_1446,0.47535613,0.17487945,0.1748795,0.17488492
Test_1447,0.26153454,0.18776822,0.18778689,0.3629103
Test_1448,0.17687905,0.17542273,0.17579351,0.4719047
Test_1449,0.17487784,0.17487824,0.47536612,0.17487784
Test_1450,0.4753335,0.17488322,0.17490026,0.17488296
Test_1451,0.44131252,0.1799648,0.17980799,0.19891474
Test_1452,0.18991913,0.44889736,0.18066588,0.18051767
Test_1453,0.18502316,0.23644756,0.3935131,0.1850162
Test_1454,0.19325356,0.17913239,0.17879744,0.44881657
Test_1455,0.24545465,0.38266572,0.18591632,0.18596336
Test_1456,0.47536653,0.17487776,0.17487793,0.17487776
Test_1457,0.1818631,0.19633114,0.42745945,0.19434625
Test_1458,0.17507276,0.17542303,0.474247,0.17525727
Test_1459,0.17487782,0.17487817,0.47536618,0.17487782
Test_1460,0.18107323,0.206728,0.43112555,0.18107323
Test_1461,0.17487772,0.17487772,0.47536686,0.17487772
Test_1462,0.17488727,0.1749188,0.4753067,0.17488721
Test_1463,0.17487776,0.17487797,0.4753665,0.17487776
Test_1464,0.17487855,0.17488132,0.4753616,0.17487855
Test_1465,0.17487772,0.17487772,0.47536686,0.17487772
Test_1466,0.4732452,0.17598356,0.17549063,0.17528065
Test_1467,0.1912791,0.20451991,0.18241742,0.42178354
Test_1468,0.3439851,0.25254828,0.18992996,0.21353659
Test_1469,0.4753637,0.17487822,0.17487821,0.17487986
Test_1470,0.1866098,0.38498855,0.20612784,0.22227374
Test_1471,0.17631762,0.18132854,0.46603617,0.17631762
Test_1472,0.17487827,0.17488013,0.4753633,0.17487827
Test_1473,0.20355749,0.21503465,0.18551362,0.39589426
Test_1474,0.22053924,0.18310742,0.4132474,0.18310596
Test_1475,0.1829062,0.21906708,0.41512054,0.1829062
Test_1476,0.21446194,0.29482394,0.19545726,0.2952569
Test_1477,0.18830469,0.4083771,0.18589747,0.21742079
Test_1478,0.17488071,0.1748907,0.47534785,0.17488071
Test_1479,0.3543932,0.19770151,0.19827317,0.24963203
Test_1480,0.1748777,0.17487773,0.4753668,0.1748777
Test_1481,0.17732918,0.17589673,0.47125137,0.17552266
Test_1482,0.43080148,0.18111731,0.20696838,0.18111275
Test_1483,0.21369871,0.23144941,0.21341586,0.34143594
Test_1484,0.185577,0.390497,0.23863293,0.18529311
Test_1485,0.47495162,0.17516144,0.17494349,0.17494348
Test_1486,0.1748879,0.17492187,0.47530228,0.1748879
Test_1487,0.17487772,0.17487772,0.47536686,0.17487772
Test_1488,0.17487772,0.17487772,0.47536686,0.17487772
Test_1489,0.17905493,0.4468649,0.19502525,0.17905493
Test_1490,0.2092513,0.24462636,0.355119,0.19100334
Test_1491,0.18522982,0.23848441,0.3910581,0.18522769
Test_1492,0.17487785,0.17487834,0.47536594,0.17487785
Test_1493,0.174881,0.47536206,0.17487846,0.17487846
Test_1494,0.47536546,0.17487842,0.17487793,0.17487815
Test_1495,0.4640591,0.18269822,0.17661665,0.17662603
Test_1496,0.2527848,0.18794055,0.1867794,0.37249532
Test_1497,0.26382387,0.18736926,0.18732728,0.36147958
Test_1498,0.17939493,0.46569812,0.1763921,0.1785149
Test_1499,0.17608301,0.46759006,0.1802442,0.17608266
Test_1500,0.47536314,0.17488015,0.1748783,0.1748784
Test_1501,0.4751666,0.17501347,0.17490934,0.17491059
Test_1502,0.19822426,0.43612173,0.18399724,0.18165682
Test_1503,0.47536686,0.17487772,0.17487772,0.17487772
Test_1504,0.17489865,0.17496842,0.4752342,0.17489865
Test_1505,0.18663639,0.38936743,0.23855142,0.18544477
Test_1506,0.26013994,0.32607505,0.1909502,0.22283486
Test_1507,0.19704968,0.18759154,0.180923,0.43443576
Test_1508,0.17739834,0.18648753,0.45871562,0.17739844
Test_1509,0.17512754,0.4750014,0.17493542,0.17493565
Test_1510,0.17489628,0.17495812,0.4752493,0.17489628
Test_1511,0.17665593,0.46888062,0.17850652,0.1759569
Test_1512,0.32195696,0.18936272,0.2999058,0.1887745
Test_1513,0.17518763,0.17500329,0.47484967,0.17495939
Test_1514,0.17487772,0.17487772,0.47536686,0.17487772
Test_1515,0.18554442,0.24164937,0.38726172,0.18554442
Test_1516,0.18852815,0.33170122,0.29122075,0.18854986
Test_1517,0.1873122,0.26369435,0.3616812,0.1873122
Test_1518,0.32120377,0.25806788,0.19684972,0.22387867
Test_1519,0.18547165,0.424162,0.1820665,0.20829986
Test_1520,0.20250773,0.36429176,0.19013923,0.24306129
Test_1521,0.19285414,0.18132013,0.18302713,0.4427986
Test_1522,0.17487772,0.17487772,0.47536686,0.17487772
Test_1523,0.29908916,0.19367032,0.26560545,0.24163508
Test_1524,0.47536686,0.17487772,0.17487772,0.17487772
Test_1525,0.33165964,0.1885232,0.29129395,0.1885232
Test_1526,0.46862674,0.17598352,0.17592774,0.17946202
Test_1527,0.17487955,0.17488343,0.47535792,0.17487913
Test_1528,0.19780217,0.43678364,0.18432249,0.1810917
Test_1529,0.17487772,0.17487772,0.47536686,0.17487772
Test_1530,0.19915834,0.2602278,0.23634149,0.30427235
Test_1531,0.17678678,0.18353215,0.46289432,0.17678678
Test_1532,0.47536078,0.17488168,0.17487867,0.17487882
Test_1533,0.17489891,0.17496943,0.4752328,0.17489891
Test_1534,0.1959375,0.36776504,0.23894376,0.19735372
Test_1535,0.18658347,0.25343922,0.18658347,0.3733938
Test_1536,0.21327323,0.42253682,0.18208562,0.1821044
Test_1537,0.19558592,0.39738524,0.19944899,0.20757978
Test_1538,0.17487772,0.17487772,0.47536686,0.17487772
Test_1539,0.18187976,0.2119175,0.42432293,0.18187976
Test_1540,0.17559187,0.17802088,0.4707953,0.17559187
Test_1541,0.17600991,0.17575498,0.17525285,0.47298232
Test_1542,0.17962319,0.17596507,0.46846154,0.17595008
Test_1543,0.17488554,0.17491168,0.47531715,0.17488554
Test_1544,0.17508279,0.4750669,0.17492516,0.17492516
Test_1545,0.22663264,0.25066343,0.19632357,0.32638028
Test_1546,0.18588938,0.24216698,0.3863048,0.18563883
Test_1547,0.4753469,0.17488904,0.17488088,0.1748832
Test_1548,0.47123706,0.17582466,0.1755244,0.1774139
Test_1549,0.47285593,0.17659785,0.17527266,0.17527352
Test_1550,0.26373228,0.19598712,0.18856078,0.35171986
Test_1551,0.19694345,0.41983303,0.19689481,0.18632875
Test_1552,0.2540012,0.21657617,0.19007993,0.33934274
Test_1553,0.4716584,0.17546566,0.17735238,0.17552355
Test_1554,0.1748778,0.17487806,0.47536632,0.1748778
Test_1555,0.17489138,0.4752836,0.1749335,0.1748915
Test_1556,0.17487772,0.17487772,0.47536686,0.17487772
Test_1557,0.19723462,0.41375828,0.18343249,0.20557469
Test_1558,0.17488904,0.1748815,0.47534892,0.17488055
Test_1559,0.17888504,0.44811955,0.19411033,0.17888504
Test_1560,0.44977024,0.18377872,0.18628663,0.18016447
Test_1561,0.47523734,0.1748982,0.17496629,0.17489825
Test_1562,0.17760445,0.1871882,0.45762447,0.17758282
Test_1563,0.17614317,0.46719122,0.18052249,0.17614317
Test_1564,0.17488022,0.17488863,0.47535086,0.17488022
Test_1565,0.17866318,0.19292992,0.44974366,0.17866318
Test_1566,0.191138,0.3133653,0.29309413,0.20240253
Test_1567,0.17499116,0.17537002,0.47464767,0.17499116
Test_1568,0.17487916,0.17488395,0.47535777,0.17487916
Test_1569,0.18601747,0.24670918,0.3812559,0.18601747
Test_1570,0.43427145,0.19780211,0.1846912,0.18323524
Test_1571,0.17488696,0.1749178,0.4753082,0.17488696
Test_1572,0.17487822,0.47536352,0.17487998,0.17487822
Test_1573,0.17487772,0.17487776,0.47536677,0.17487772
Test_1574,0.18786667,0.27354327,0.35072228,0.18786782
Test_1575,0.1748778,0.17487805,0.47536638,0.1748778
Test_1576,0.18412188,0.42907253,0.18140674,0.20539889
Test_1577,0.17499582,0.47461814,0.17539026,0.17499582
Test_1578,0.1750951,0.17580473,0.47400856,0.17509164
Test_1579,0.32405305,0.2728785,0.19051181,0.21255662
Test_1580,0.47472116,0.17509311,0.17498605,0.17519969
Test_1581,0.17909162,0.46171632,0.17796205,0.18122998
Test_1582,0.1748779,0.1748786,0.47536552,0.1748779
Test_1583,0.17487772,0.17487772,0.47536686,0.17487772
Test_1584,0.454619,0.17798626,0.18940902,0.17798571
Test_1585,0.17487772,0.17487772,0.47536686,0.17487772
Test_1586,0.1876711,0.20847562,0.42146248,0.18239078
Test_1587,0.1785565,0.192368,0.4505189,0.1785565
Test_1588,0.4753667,0.17487776,0.17487776,0.17487785
Test_1589,0.17487772,0.17487772,0.47536686,0.17487772
Test_1590,0.17583933,0.17913069,0.4691861,0.17584392
Test_1591,0.384678,0.23291738,0.1891038,0.19330081
Test_1592,0.34195757,0.27474335,0.18876038,0.19453874
Test_1593,0.18966179,0.41582775,0.18309757,0.21141298
Test_1594,0.26761928,0.19033012,0.18801406,0.35403657
Test_1595,0.4753666,0.17487776,0.17487776,0.1748779
Test_1596,0.19451624,0.18530971,0.42311558,0.19705854
Test_1597,0.18085492,0.20537938,0.43291077,0.18085492
Test_1598,0.18302631,0.18616651,0.17853259,0.4522746
Test_1599,0.17488013,0.17488821,0.4753515,0.17488013
Test_1600,0.32136583,0.30119812,0.18871643,0.1887196
Test_1601,0.18031345,0.44555882,0.19362187,0.18050586
Test_1602,0.17723988,0.47181603,0.17543404,0.17551002
Test_1603,0.17556712,0.17791024,0.47095552,0.17556712
Test_1604,0.17490083,0.17497778,0.47522065,0.17490083
Test_1605,0.45222464,0.17833206,0.19112298,0.17832029
Test_1606,0.17487772,0.17487772,0.47536686,0.17487772
Test_1607,0.1834368,0.4481279,0.17931475,0.1891206
Test_1608,0.17487772,0.17487772,0.47536686,0.17487772
Test_1609,0.18797663,0.27586225,0.3481845,0.18797661
Test_1610,0.47029042,0.1777808,0.17570871,0.17622004
Test_1611,0.17980175,0.44511327,0.1809325,0.19415247
Test_1612,0.17586598,0.17925632,0.4690117,0.17586598
Test_1613,0.17487776,0.4753667,0.17487785,0.17487776
Test_1614,0.17487939,0.47535613,0.17488457,0.17487985
Test_1615,0.2543708,0.27883917,0.19396375,0.27282622
Test_1616,0.18831566,0.18918155,0.28090683,0.34159595
Test_1617,0.17706895,0.18488117,0.4609791,0.17707084
Test_1618,0.17492753,0.1750932,0.47505152,0.1749278
Test_1619,0.18783653,0.40933946,0.20738521,0.1954388
Test_1620,0.1923277,0.24060008,0.28767714,0.27939504
Test_1621,0.17709585,0.4608864,0.18479273,0.17722505
Test_1622,0.457685,0.18256706,0.17882359,0.18092433
Test_1623,0.19107726,0.41612405,0.18306386,0.20973481
Test_1624,0.2050666,0.3391356,0.18967797,0.26611993
Test_1625,0.17491624,0.17504452,0.4751231,0.17491624
Test_1626,0.17496365,0.4748223,0.17525041,0.17496365
Test_1627,0.18872994,0.31943062,0.30310953,0.18872994
Test_1628,0.18180053,0.21139228,0.42500666,0.18180053
Test_1629,0.46807584,0.17600884,0.1760088,0.17990652
Test_1630,0.20153703,0.35636547,0.2534889,0.18860856
Test_1631,0.17488831,0.17492355,0.47529987,0.17488831
Test_1632,0.47535086,0.17488852,0.17488022,0.17488031
Test_1633,0.17487842,0.17488077,0.4753624,0.17487842
Test_1634,0.1798186,0.44109967,0.19926317,0.1798186
Test_1635,0.17835163,0.1912986,0.45199823,0.17835163
Test_1636,0.17537187,0.1770323,0.47222507,0.17537077
Test_1637,0.1748814,0.47534364,0.1748936,0.17488138
Test_1638,0.4378187,0.20093049,0.18026045,0.18099038
Test_1639,0.20324707,0.4330484,0.18142262,0.18228197
Test_1640,0.47536606,0.17487821,0.17487788,0.17487782
Test_1641,0.19444577,0.2901957,0.20033775,0.31502077
Test_1642,0.47534925,0.1748806,0.17488688,0.17488332
Test_1643,0.18604955,0.20474453,0.18162964,0.42757633
Test_1644,0.17487772,0.17487772,0.47536686,0.17487772
Test_1645,0.1748777,0.17487775,0.4753668,0.1748777
Test_1646,0.17487772,0.17487772,0.47536686,0.17487772
Test_1647,0.3725072,0.18753,0.25304905,0.18691371
Test_1648,0.17487772,0.17487772,0.47536686,0.17487772
Test_1649,0.17926542,0.19617254,0.44529662,0.17926542
Test_1650,0.18099871,0.43177128,0.20618647,0.18104352
Test_1651,0.45080364,0.17963755,0.17853595,0.1910229
Test_1652,0.17487772,0.17487772,0.47536686,0.17487772
Test_1653,0.17488872,0.1749253,0.47529733,0.17488872
Test_1654,0.1748894,0.475293,0.17488946,0.17492808
Test_1655,0.18730275,0.43993834,0.18438171,0.18837719
Test_1656,0.17943338,0.18984355,0.45230052,0.17842254
Test_1657,0.17755319,0.4644315,0.18145032,0.17656496
Test_1658,0.17494431,0.17516643,0.47494492,0.17494431
Test_1659,0.17493749,0.17513679,0.47498825,0.17493749
Test_1660,0.29554436,0.20003231,0.19004063,0.3143827
Test_1661,0.24758562,0.20514207,0.35872665,0.18854569
Test_1662,0.2081636,0.31321234,0.21326312,0.26536098
Test_1663,0.18860255,0.32802716,0.2947677,0.18860255
Test_1664,0.4726473,0.17674229,0.1753046,0.17530578
Test_1665,0.17505106,0.47426707,0.17563091,0.17505106
Test_1666,0.17487772,0.17487772,0.47536686,0.17487772
Test_1667,0.38310724,0.21497908,0.20790394,0.19400975
Test_1668,0.4496587,0.1887967,0.1789009,0.18264373
Test_1669,0.174968,0.47479475,0.17526929,0.174968
Test_1670,0.17490423,0.1749922,0.17490417,0.4751993
Test_1671,0.17487778,0.1748778,0.4753667,0.17487775
Test_1672,0.4750998,0.1750602,0.17492008,0.17491989
Test_1673,0.20846239,0.30403915,0.19098534,0.2965131
Test_1674,0.18876779,0.4450748,0.17997807,0.18617925
Test_1675,0.17487775,0.17487781,0.4753667,0.17487775
Test_1676,0.17610411,0.4724664,0.17566957,0.17575991
Test_1677,0.3840271,0.1872307,0.1858921,0.24285007
Test_1678,0.18415296,0.22880608,0.40288797,0.18415296
Test_1679,0.17568213,0.17738603,0.4705274,0.17640436
Test_1680,0.17927898,0.44525415,0.1792983,0.19616848
Test_1681,0.17539737,0.47205117,0.17540279,0.1771487
Test_1682,0.17487772,0.17487772,0.47536686,0.17487772
Test_1683,0.17965975,0.19836414,0.4423163,0.17965975
Test_1684,0.34037098,0.19001774,0.18878245,0.28082886
Test_1685,0.2862366,0.1957522,0.18926942,0.32874182
Test_1686,0.27598938,0.32689062,0.19017029,0.20694971
Test_1687,0.17981178,0.19917905,0.441163,0.17984614
Test_1688,0.17487772,0.17487772,0.47536686,0.17487772
Test_1689,0.4753668,0.1748777,0.1748777,0.17487772
Test_1690,0.17488511,0.17487943,0.47535604,0.17487943
Test_1691,0.18013842,0.18303852,0.17753097,0.45929208
Test_1692,0.17494503,0.4749405,0.17516924,0.17494522
Test_1693,0.25355995,0.30553272,0.19216269,0.24874462
Test_1694,0.1748791,0.17488383,0.47535786,0.1748791
Test_1695,0.17527224,0.17660102,0.47285444,0.17527224
Test_1696,0.18476644,0.21314207,0.41901812,0.18307333
Test_1697,0.17942218,0.44411868,0.19703697,0.17942218
Test_1698,0.17488575,0.17491235,0.47531623,0.17488572
Test_1699,0.19785215,0.2626777,0.18895094,0.3505192
Test_1700,0.47534838,0.17488177,0.17488225,0.17488752
Test_1701,0.17863208,0.19276573,0.44997004,0.17863208
Test_1702,0.17487772,0.47536686,0.17487772,0.17487772
Test_1703,0.18577975,0.24408224,0.38435942,0.18577856
Test_1704,0.47536686,0.17487772,0.17487772,0.17487772
Test_1705,0.17488594,0.17491339,0.47531468,0.17488594
Test_1706,0.320226,0.28219345,0.19029537,0.20728518
Test_1707,0.18085712,0.20115383,0.43771967,0.18026935
Test_1708,0.18077748,0.20485634,0.43356317,0.18080299
Test_1709,0.1750034,0.17542322,0.47456998,0.1750034
Test_1710,0.17489749,0.17496337,0.47524163,0.17489749
Test_1711,0.19117315,0.4232093,0.18239784,0.20321965
Test_1712,0.17487772,0.17487772,0.47536686,0.17487772
Test_1713,0.17493151,0.17511079,0.47502625,0.17493151
Test_1714,0.2711762,0.35321116,0.18776032,0.1878524
Test_1715,0.17527157,0.472861,0.17651853,0.17534886
Test_1716,0.18117559,0.45229232,0.18322901,0.18330309
Test_1717,0.4679457,0.17893192,0.17603289,0.17708941
Test_1718,0.369945,0.19023229,0.18709242,0.25273025
Test_1719,0.1749592,0.17523108,0.47485048,0.1749592
Test_1720,0.17525071,0.47299302,0.17650478,0.17525145
Test_1721,0.17497113,0.1752829,0.47477487,0.17497113
Test_1722,0.1748801,0.17488803,0.47535184,0.1748801
Test_1723,0.2320952,0.2577903,0.19154428,0.3185702
Test_1724,0.17514512,0.17604224,0.4736675,0.17514512
Test_1725,0.17487785,0.17487836,0.4753659,0.17487785
Test_1726,0.46921223,0.17691793,0.17583865,0.1780313
Test_1727,0.47168148,0.17740458,0.17545536,0.17545852
Test_1728,0.17647679,0.4676386,0.17917383,0.1767108
Test_1729,0.17494908,0.17508945,0.4750293,0.17493217
Test_1730,0.25893492,0.23105803,0.21156444,0.29844257
Test_1731,0.1763192,0.18133579,0.46602592,0.1763192
Test_1732,0.17487782,0.17487775,0.4753667,0.17487775
Test_1733,0.467414,0.17619915,0.17610994,0.18027696
Test_1734,0.1749916,0.17537196,0.47464478,0.1749916
Test_1735,0.1748833,0.17490189,0.47533157,0.1748833
Test_1736,0.17510751,0.17587756,0.47390744,0.17510751
Test_1737,0.18138091,0.17654279,0.17641649,0.46565974
Test_1738,0.17955276,0.17664988,0.46534765,0.17844974
Test_1739,0.17526829,0.17496975,0.17496815,0.47479376
Test_1740,0.17487772,0.17487776,0.47536677,0.17487772
Test_1741,0.26578096,0.31559902,0.19139874,0.22722134
Test_1742,0.17488556,0.47531724,0.17491166,0.17488556
Test_1743,0.17488126,0.4753443,0.17489313,0.17488126
Test_1744,0.17488535,0.17491077,0.47531855,0.17488535
Test_1745,0.17549954,0.47139236,0.17760855,0.17549954
Test_1746,0.17490889,0.4751696,0.17501268,0.17490889
Test_1747,0.222969,0.18346873,0.18343304,0.4101292
Test_1748,0.1855787,0.24200179,0.38684076,0.1855787
Test_1749,0.17498973,0.17536372,0.47465688,0.17498973
Test_1750,0.34076092,0.27313143,0.189571,0.19653668
Test_1751,0.47533718,0.17488815,0.17488241,0.1748922
Test_1752,0.24505147,0.37950334,0.18903902,0.18640617
Test_1753,0.39464206,0.19993529,0.2125817,0.19284096
Test_1754,0.19306125,0.1938172,0.18127507,0.43184647
Test_1755,0.17489056,0.47528553,0.17493333,0.17489056
Test_1756,0.17490928,0.1750144,0.47516713,0.17490928
Test_1757,0.24818638,0.22429517,0.1913881,0.33613032
Test_1758,0.47445306,0.17518267,0.1750237,0.17534053
Test_1759,0.18214034,0.18127748,0.17957443,0.45700774
Test_1760,0.17495884,0.17522945,0.4748529,0.17495884
Test_1761,0.4713376,0.17633604,0.1755365,0.17678992
Test_1762,0.25678226,0.24287678,0.19538482,0.30495614
Test_1763,0.17785347,0.45554104,0.18875203,0.17785347
Test_1764,0.17487772,0.17487772,0.47536686,0.17487772
Test_1765,0.22737136,0.21333832,0.18898779,0.3703026
Test_1766,0.23627865,0.20643024,0.18785386,0.36943734
Test_1767,0.17487814,0.47536618,0.17487782,0.17487782
Test_1768,0.174878,0.17487895,0.4753651,0.174878
Test_1769,0.47535625,0.17488492,0.17487945,0.17487939
Test_1770,0.2814663,0.33070326,0.19059801,0.19723246
Test_1771,0.17487772,0.17487772,0.47536686,0.17487772
Test_1772,0.17494738,0.17517978,0.47492543,0.17494738
Test_1773,0.17497705,0.4747373,0.17530848,0.17497717
Test_1774,0.4753556,0.17487946,0.17487946,0.17488538
Test_1775,0.46116704,0.18452045,0.17712209,0.17719041
Test_1776,0.17490447,0.47531942,0.17488599,0.1748902
Test_1777,0.17487772,0.17487772,0.47536686,0.17487772
Test_1778,0.24203487,0.21738173,0.20545347,0.33512992
Test_1779,0.17655483,0.46445438,0.18243599,0.17655483
Test_1780,0.17955232,0.44385514,0.18431558,0.192277
Test_1781,0.18527454,0.23894545,0.3905055,0.18527454
Test_1782,0.18712392,0.26081988,0.3649323,0.18712392
Test_1783,0.17487933,0.47536284,0.17487945,0.17487833
Test_1784,0.17492884,0.17509927,0.4750431,0.17492884
Test_1785,0.17487787,0.17487837,0.17487787,0.47536585
Test_1786,0.40262777,0.22264773,0.1844471,0.19027744
Test_1787,0.31218773,0.29563653,0.1901089,0.20206684
Test_1788,0.34343827,0.21101831,0.19132413,0.25421926
Test_1789,0.47166738,0.17590839,0.17660059,0.17582372
Test_1790,0.4677756,0.17645267,0.17606261,0.17970914
Test_1791,0.4726086,0.17651512,0.17535484,0.17552137
Test_1792,0.17487772,0.17487772,0.47536686,0.17487772
Test_1793,0.17489706,0.17496148,0.47524443,0.17489706
Test_1794,0.17487775,0.17487782,0.4753667,0.17487775
Test_1795,0.34230676,0.2568276,0.20034465,0.20052104
Test_1796,0.1748812,0.1748928,0.47534484,0.1748812
Test_1797,0.4732602,0.17536208,0.17616864,0.17520908
Test_1798,0.19179092,0.3448231,0.18913476,0.2742512
Test_1799,0.19395043,0.44812018,0.17889124,0.1790382
Test_1800,0.22788368,0.35099667,0.23154303,0.18957658
Test_1801,0.1761491,0.47170588,0.17545444,0.17669065
Test_1802,0.174878,0.17487894,0.4753651,0.174878
Test_1803,0.17487772,0.17487772,0.47536686,0.17487772
Test_1804,0.17514378,0.17603643,0.47367597,0.17514378
Test_1805,0.23325017,0.33867058,0.21524543,0.21283387
Test_1806,0.20291391,0.28488576,0.18997413,0.3222261
Test_1807,0.4752806,0.17489135,0.17493674,0.17489135
Test_1808,0.30763143,0.19196454,0.18978056,0.31062353
Test_1809,0.47536284,0.17487837,0.17487843,0.17488042
Test_1810,0.17683141,0.18306354,0.46338895,0.17671604
Test_1811,0.42218372,0.18356863,0.18221046,0.21203722
Test_1812,0.17487772,0.17487772,0.47536686,0.17487772
Test_1813,0.19037093,0.4410753,0.18456472,0.1839891
Test_1814,0.17634678,0.18146391,0.46584257,0.17634678
Test_1815,0.17487772,0.17487772,0.47536686,0.17487772
Test_1816,0.17576805,0.17881303,0.46965086,0.17576805
Test_1817,0.17543945,0.4717929,0.17732887,0.17543878
Test_1818,0.17536053,0.17699087,0.47228807,0.17536049
Test_1819,0.2608218,0.31415161,0.19597884,0.22904773
Test_1820,0.4743732,0.17553377,0.17503436,0.17505865
